date,cash_in,cash_out,channel,transaction_count,balance,day_of_week,month,quarter,lag1_in,lag7_in,lag1_out,lag7_out,roll_mean_7_in,roll_mean_7_out,roll_mean_30_in,roll_mean_30_out,cash_in_next_day,cash_out_next_day,cash_in_h7_sum,cash_out_h7_sum,cash_in_next_month_sum,cash_out_next_month_sum
2024-01-01,1.5E7,8500000.0,DEFAULT,1,6500000.0,1,1,1,0.0,0.0,0.0,0.0,1.5E7,8500000.0,1.5E7,8500000.0,2.2E7,1.2E7,1.345E8,7.67E7,7.465E8,4.378E8
2024-01-02,2.2E7,1.2E7,DEFAULT,1,1.0E7,2,1,1,1.5E7,0.0,8500000.0,0.0,1.85E7,1.025E7,1.85E7,1.025E7,1.85E7,9800000.0,1.365E8,7.82E7,7.53E8,4.423E8
2024-01-03,1.85E7,9800000.0,DEFAULT,1,8700000.0,3,1,1,2.2E7,0.0,1.2E7,0.0,1.85E7,1.01E7,1.85E7,1.01E7,2.5E7,1.45E7,1.445E8,8.42E7,7.665E8,4.51E8
2024-01-04,2.5E7,1.45E7,DEFAULT,1,1.05E7,4,1,1,1.85E7,0.0,9800000.0,0.0,2.0125E7,1.12E7,2.0125E7,1.12E7,2.85E7,1.62E7,1.425E8,8.22E7,7.6E8,4.477E8
2024-01-05,2.85E7,1.62E7,DEFAULT,1,1.23E7,5,1,1,2.5E7,0.0,1.45E7,0.0,2.18E7,1.22E7,2.18E7,1.22E7,1.25E7,7800000.0,1.415E8,8.08E7,7.435E8,4.39E8
2024-01-06,1.25E7,7800000.0,DEFAULT,1,4700000.0,6,1,1,2.85E7,0.0,1.62E7,0.0,2.025E7,1.1466666666666666E7,2.025E7,1.1466666666666666E7,8500000.0,5200000.0,1.435E8,8.15E7,7.555E8,4.454E8
2024-01-07,8500000.0,5200000.0,DEFAULT,1,3300000.0,0,1,1,1.25E7,0.0,7800000.0,0.0,1.857142857142857E7,1.057142857142857E7,1.857142857142857E7,1.057142857142857E7,1.95E7,1.12E7,1.448E8,8.25E7,7.74E8,4.56E8
2024-01-08,1.95E7,1.12E7,DEFAULT,1,8300000.0,1,1,1,8500000.0,1.5E7,5200000.0,8500000.0,1.9214285714285713E7,1.0957142857142856E7,1.86875E7,1.065E7,2.4E7,1.35E7,1.603E8,9.33E7,7.8E8,4.593E8
2024-01-09,2.4E7,1.35E7,DEFAULT,1,1.05E7,2,1,1,1.95E7,2.2E7,1.12E7,1.2E7,1.95E7,1.117142857142857E7,1.9277777777777776E7,1.0966666666666666E7,2.65E7,1.58E7,1.648E8,9.63E7,7.85E8,4.628E8
2024-01-10,2.65E7,1.58E7,DEFAULT,1,1.07E7,3,1,1,2.4E7,1.85E7,1.35E7,9800000.0,2.064285714285714E7,1.202857142857143E7,2.0E7,1.145E7,2.3E7,1.25E7,1.633E8,9.47E7,7.925E8,4.675E8
2024-01-11,2.3E7,1.25E7,DEFAULT,1,1.05E7,4,1,1,2.65E7,2.5E7,1.58E7,1.45E7,2.035714285714286E7,1.1742857142857144E7,2.0272727272727273E7,1.1545454545454545E7,2.75E7,1.48E7,1.673E8,9.77E7,7.89E8,4.67E8
2024-01-12,2.75E7,1.48E7,DEFAULT,1,1.27E7,5,1,1,2.3E7,2.85E7,1.25E7,1.62E7,2.0214285714285713E7,1.1542857142857144E7,2.0875E7,1.1816666666666666E7,1.45E7,8500000.0,1.693E8,1.001E8,7.75E8,4.607E8
2024-01-13,1.45E7,8500000.0,DEFAULT,1,6000000.0,6,1,1,2.75E7,1.25E7,1.48E7,7800000.0,2.05E7,1.1642857142857144E7,2.0384615384615384E7,1.1561538461538462E7,9800000.0,6200000.0,1.713E8,1.014E8,7.865E8,4.677E8
2024-01-14,9800000.0,6200000.0,DEFAULT,1,3600000.0,0,1,1,1.45E7,8500000.0,8500000.0,5200000.0,2.0685714285714287E7,1.1785714285714285E7,1.962857142857143E7,1.117857142857143E7,3.5E7,2.2E7,1.727E8,1.024E8,8.052E8,4.783E8
2024-01-15,3.5E7,2.2E7,DEFAULT,1,1.3E7,1,1,1,9800000.0,1.95E7,6200000.0,1.12E7,2.29E7,1.332857142857143E7,2.0653333333333332E7,1.19E7,2.85E7,1.65E7,1.602E8,9.36E7,8.252E8,4.913E8
2024-01-16,2.85E7,1.65E7,DEFAULT,1,1.2E7,2,1,1,3.5E7,2.4E7,2.2E7,1.35E7,2.354285714285714E7,1.3757142857142856E7,2.114375E7,1.21875E7,2.5E7,1.42E7,1.567E8,9.16E7,8.387E8,5.003E8
2024-01-17,2.5E7,1.42E7,DEFAULT,1,1.08E7,3,1,1,2.85E7,2.65E7,1.65E7,1.58E7,2.332857142857143E7,1.352857142857143E7,2.137058823529412E7,1.2305882352941176E7,2.7E7,1.55E7,1.597E8,9.34E7,8.487E8,5.071E8
2024-01-18,2.7E7,1.55E7,DEFAULT,1,1.15E7,4,1,1,2.5E7,2.3E7,1.42E7,1.25E7,2.39E7,1.3957142857142856E7,2.1683333333333332E7,1.2483333333333334E7,2.95E7,1.72E7,1.747E8,1.029E8,8.437E8,5.051E8
2024-01-19,2.95E7,1.72E7,DEFAULT,1,1.23E7,5,1,1,2.7E7,2.75E7,1.55E7,1.48E7,2.4185714285714287E7,1.43E7,2.2094736842105262E7,1.273157894736842E7,1.65E7,9800000.0,1.932E8,1.142E8,8.292E8,4.974E8
2024-01-20,1.65E7,9800000.0,DEFAULT,1,6700000.0,6,1,1,2.95E7,1.45E7,1.72E7,8500000.0,2.447142857142857E7,1.4485714285714285E7,2.1815E7,1.2585E7,1.12E7,7200000.0,2.017E8,1.196E8,8.402E8,5.036E8
2024-01-21,1.12E7,7200000.0,DEFAULT,1,4000000.0,0,1,1,1.65E7,9800000.0,9800000.0,6200000.0,2.467142857142857E7,1.462857142857143E7,2.130952380952381E7,1.232857142857143E7,2.25E7,1.32E7,2.09E8,1.239E8,8.59E8,5.139E8
2024-01-22,2.25E7,1.32E7,DEFAULT,1,9300000.0,1,1,1,1.12E7,3.5E7,7200000.0,2.2E7,2.2885714285714287E7,1.337142857142857E7,2.1363636363636363E7,1.2368181818181818E7,2.5E7,1.45E7,2.185E8,1.302E8,8.645E8,5.169E8
2024-01-23,2.5E7,1.45E7,DEFAULT,1,1.05E7,2,1,1,2.25E7,2.85E7,1.32E7,1.65E7,2.2385714285714287E7,1.3085714285714285E7,2.152173913043478E7,1.246086956521739E7,2.8E7,1.6E7,2.285E8,1.367E8,8.715E8,5.212E8
2024-01-24,2.8E7,1.6E7,DEFAULT,1,1.2E7,3,1,1,2.5E7,2.5E7,1.45E7,1.42E7,2.2814285714285713E7,1.3342857142857144E7,2.1791666666666668E7,1.2608333333333334E7,4.2E7,2.5E7,2.385E8,1.437E8,8.795E8,5.267E8
2024-01-25,4.2E7,2.5E7,DEFAULT,1,1.7E7,4,1,1,2.8E7,2.7E7,1.6E7,1.55E7,2.495714285714286E7,1.47E7,2.26E7,1.3104E7,4.8E7,2.85E7,2.25E8,1.352E8,8.58E8,5.142E8
2024-01-26,4.8E7,2.85E7,DEFAULT,1,1.95E7,5,1,1,4.2E7,2.95E7,2.5E7,1.72E7,2.76E7,1.6314285714285715E7,2.3576923076923076E7,1.3696153846153846E7,2.5E7,1.52E7,2.09E8,1.252E8,8.24E8,4.945E8
2024-01-27,2.5E7,1.52E7,DEFAULT,1,9800000.0,6,1,1,4.8E7,1.65E7,2.85E7,9800000.0,2.8814285714285713E7,1.7085714285714287E7,2.362962962962963E7,1.3751851851851853E7,1.85E7,1.15E7,2.025E8,1.212E8,8.28E8,4.963E8
2024-01-28,1.85E7,1.15E7,DEFAULT,1,7000000.0,0,1,1,2.5E7,1.12E7,1.52E7,7200000.0,2.985714285714286E7,1.77E7,2.344642857142857E7,1.367142857142857E7,3.2E7,1.95E7,1.96E8,1.172E8,8.42E8,5.038E8
2024-01-29,3.2E7,1.95E7,DEFAULT,1,1.25E7,1,1,1,1.85E7,2.25E7,1.15E7,1.32E7,3.1214285714285713E7,1.86E7,2.3741379310344826E7,1.3872413793103449E7,3.5E7,2.1E7,1.885E8,1.119E8,8.55E8,5.113E8
2024-01-30,3.5E7,2.1E7,DEFAULT,1,1.4E7,2,1,1,3.2E7,2.5E7,1.95E7,1.45E7,3.264285714285714E7,1.952857142857143E7,2.4116666666666668E7,1.411E7,3.8E7,2.3E7,1.805E8,1.067E8,8.58E8,5.133E8
2024-01-31,3.8E7,2.3E7,DEFAULT,1,1.5E7,3,1,1,3.5E7,2.8E7,2.1E7,1.6E7,3.4071428571428575E7,2.052857142857143E7,2.4883333333333332E7,1.4593333333333334E7,2.85E7,1.65E7,1.68E8,9.82E7,8.55E8,5.113E8
2024-02-01,2.85E7,1.65E7,DEFAULT,1,1.2E7,4,2,1,3.8E7,4.2E7,2.3E7,2.5E7,3.214285714285714E7,1.9314285714285713E7,2.51E7,1.4743333333333334E7,3.2E7,1.85E7,1.685E8,9.87E7,8.485E8,5.083E8
2024-02-02,3.2E7,1.85E7,DEFAULT,1,1.35E7,5,2,1,2.85E7,4.8E7,1.65E7,2.85E7,2.985714285714286E7,1.7885714285714287E7,2.555E7,1.5033333333333334E7,1.85E7,1.12E7,1.705E8,1.007E8,8.32E8,4.996E8
2024-02-03,1.85E7,1.12E7,DEFAULT,1,7300000.0,6,2,1,3.2E7,2.5E7,1.85E7,1.52E7,2.892857142857143E7,1.7314285714285713E7,2.5333333333333332E7,1.4923333333333334E7,1.2E7,7500000.0,1.715E8,1.015E8,8.415E8,5.049E8
2024-02-04,1.2E7,7500000.0,DEFAULT,1,4500000.0,0,2,1,1.85E7,1.85E7,1.12E7,1.15E7,2.8E7,1.6742857142857144E7,2.4783333333333332E7,1.4633333333333334E7,2.45E7,1.42E7,1.73E8,1.025E8,8.605E8,5.156E8
2024-02-05,2.45E7,1.42E7,DEFAULT,1,1.03E7,1,2,1,1.2E7,3.2E7,7500000.0,1.95E7,2.692857142857143E7,1.5985714285714285E7,2.5183333333333332E7,1.4846666666666666E7,2.7E7,1.58E7,1.745E8,1.038E8,8.655E8,5.184E8
2024-02-06,2.7E7,1.58E7,DEFAULT,1,1.12E7,2,2,1,2.45E7,3.5E7,1.42E7,2.1E7,2.5785714285714287E7,1.5242857142857144E7,2.58E7,1.52E7,2.55E7,1.45E7,1.76E8,1.048E8,8.715E8,5.221E8
2024-02-07,2.55E7,1.45E7,DEFAULT,1,1.1E7,3,2,1,2.7E7,3.8E7,1.58E7,2.3E7,2.4E7,1.402857142857143E7,2.6E7,1.531E7,2.9E7,1.7E7,2.055E8,1.253E8,8.83E8,5.296E8
2024-02-08,2.9E7,1.7E7,DEFAULT,1,1.2E7,4,2,1,2.55E7,2.85E7,1.45E7,1.65E7,2.407142857142857E7,1.41E7,2.6166666666666668E7,1.5426666666666666E7,3.4E7,2.05E7,2.185E8,1.338E8,8.755E8,5.256E8
2024-02-09,3.4E7,2.05E7,DEFAULT,1,1.35E7,5,2,1,2.9E7,3.2E7,1.7E7,1.85E7,2.435714285714286E7,1.4385714285714285E7,2.6416666666666668E7,1.5583333333333334E7,1.95E7,1.2E7,2.195E8,1.343E8,8.563E8,5.143E8
2024-02-10,1.95E7,1.2E7,DEFAULT,1,7500000.0,6,2,1,3.4E7,1.85E7,2.05E7,1.12E7,2.45E7,1.45E7,2.63E7,1.5566666666666666E7,1.35E7,8500000.0,2.22E8,1.358E8,8.658E8,5.193E8
2024-02-11,1.35E7,8500000.0,DEFAULT,1,5000000.0,0,2,1,1.95E7,1.2E7,1.2E7,7500000.0,2.4714285714285713E7,1.4642857142857144E7,2.5833333333333332E7,1.5356666666666666E7,2.6E7,1.55E7,2.235E8,1.368E8,8.843E8,5.293E8
2024-02-12,2.6E7,1.55E7,DEFAULT,1,1.05E7,1,2,1,1.35E7,2.45E7,8500000.0,1.42E7,2.492857142857143E7,1.482857142857143E7,2.6216666666666668E7,1.559E7,2.85E7,1.68E7,2.25E8,1.373E8,8.888E8,5.316E8
2024-02-13,2.85E7,1.68E7,DEFAULT,1,1.17E7,2,2,1,2.6E7,2.7E7,1.55E7,1.58E7,2.514285714285714E7,1.497142857142857E7,2.684E7,1.5943333333333334E7,5.5E7,3.5E7,2.265E8,1.38E8,8.953E8,5.353E8
2024-02-14,5.5E7,3.5E7,DEFAULT,1,2.0E7,3,2,1,2.85E7,2.55E7,1.68E7,1.45E7,2.935714285714286E7,1.79E7,2.7506666666666668E7,1.6376666666666666E7,4.2E7,2.55E7,1.995E8,1.192E8,8.883E8,5.293E8
2024-02-15,4.2E7,2.55E7,DEFAULT,1,1.65E7,4,2,1,5.5E7,2.9E7,3.5E7,1.7E7,3.1214285714285713E7,1.9114285714285713E7,2.7956666666666668E7,1.6676666666666666E7,3.5E7,2.1E7,1.895E8,1.125E8,8.713E8,5.193E8
2024-02-16,3.5E7,2.1E7,DEFAULT,1,1.4E7,5,2,1,4.2E7,3.4E7,2.55E7,2.05E7,3.135714285714286E7,1.9185714285714287E7,2.829E7,1.6903333333333332E7,2.2E7,1.35E7,1.905E8,1.13E8,8.538E8,5.093E8
2024-02-17,2.2E7,1.35E7,DEFAULT,1,8500000.0,6,2,1,3.5E7,1.95E7,2.1E7,1.2E7,3.1714285714285713E7,1.94E7,2.8123333333333332E7,1.6836666666666668E7,1.5E7,9500000.0,1.89E8,1.12E8,8.628E8,5.143E8
2024-02-18,1.5E7,9500000.0,DEFAULT,1,5500000.0,0,2,1,2.2E7,1.35E7,1.35E7,8500000.0,3.192857142857143E7,1.954285714285714E7,2.764E7,1.658E7,2.75E7,1.6E7,1.88E8,1.113E8,8.823E8,5.248E8
2024-02-19,2.75E7,1.6E7,DEFAULT,1,1.15E7,1,2,1,1.5E7,2.6E7,9500000.0,1.55E7,3.214285714285714E7,1.9614285714285713E7,2.8006666666666668E7,1.6786666666666668E7,3.0E7,1.75E7,1.895E8,1.123E8,8.868E8,5.276E8
2024-02-20,3.0E7,1.75E7,DEFAULT,1,1.25E7,2,2,1,2.75E7,2.85E7,1.6E7,1.68E7,3.235714285714286E7,1.9714285714285713E7,2.8633333333333332E7,1.713E7,2.8E7,1.62E7,1.92E8,1.138E8,8.933E8,5.316E8
2024-02-21,2.8E7,1.62E7,DEFAULT,1,1.18E7,3,2,1,3.0E7,5.5E7,1.75E7,3.5E7,2.85E7,1.702857142857143E7,2.8816666666666668E7,1.723E7,3.2E7,1.88E7,2.09E8,1.246E8,9.063E8,5.399E8
2024-02-22,3.2E7,1.88E7,DEFAULT,1,1.32E7,4,2,1,2.8E7,4.2E7,1.62E7,2.55E7,2.707142857142857E7,1.607142857142857E7,2.905E7,1.7373333333333332E7,3.6E7,2.15E7,2.15E8,1.288E8,8.983E8,5.356E8
2024-02-23,3.6E7,2.15E7,DEFAULT,1,1.45E7,5,2,1,3.2E7,3.5E7,1.88E7,2.1E7,2.7214285714285713E7,1.6142857142857144E7,2.9316666666666668E7,1.7556666666666668E7,2.05E7,1.25E7,2.14E8,1.283E8,8.788E8,5.243E8
2024-02-24,2.05E7,1.25E7,DEFAULT,1,8000000.0,6,2,1,3.6E7,2.2E7,2.15E7,1.35E7,2.7E7,1.6E7,2.86E7,1.714E7,1.4E7,8800000.0,2.155E8,1.293E8,9.133E8,5.448E8
2024-02-25,1.4E7,8800000.0,DEFAULT,1,5200000.0,0,2,1,2.05E7,1.5E7,1.25E7,9500000.0,2.685714285714286E7,1.59E7,2.7466666666666668E7,1.6483333333333334E7,2.9E7,1.7E7,2.17E8,1.303E8,9.613E8,5.74E8
2024-02-26,2.9E7,1.7E7,DEFAULT,1,1.2E7,1,2,1,1.4E7,2.75E7,8800000.0,1.6E7,2.707142857142857E7,1.6042857142857144E7,2.76E7,1.6543333333333334E7,3.25E7,1.9E7,2.16E8,1.298E8,9.903E8,5.92E8
2024-02-27,3.25E7,1.9E7,DEFAULT,1,1.35E7,2,2,1,2.9E7,3.0E7,1.7E7,1.75E7,2.742857142857143E7,1.6257142857142856E7,2.8066666666666668E7,1.6793333333333332E7,4.5E7,2.7E7,2.145E8,1.29E8,1.0228E9,6.13E8
2024-02-28,4.5E7,2.7E7,DEFAULT,1,1.8E7,3,2,1,3.25E7,2.8E7,1.9E7,1.62E7,2.985714285714286E7,1.78E7,2.85E7,1.7043333333333332E7,3.8E7,2.3E7,1.99E8,1.19E8,1.0498E9,6.3E8
2024-02-29,3.8E7,2.3E7,DEFAULT,1,1.5E7,4,2,1,4.5E7,3.2E7,2.7E7,1.88E7,3.0714285714285713E7,1.84E7,2.86E7,1.711E7,3.5E7,2.1E7,1.94E8,1.155E8,1.0498E9,6.305E8
2024-03-01,3.5E7,2.1E7,DEFAULT,1,1.4E7,5,3,1,3.8E7,3.6E7,2.3E7,2.15E7,3.057142857142857E7,1.832857142857143E7,2.85E7,1.7043333333333332E7,2.2E7,1.35E7,1.96E8,1.165E8,1.0428E9,6.27E8
2024-03-02,2.2E7,1.35E7,DEFAULT,1,8500000.0,6,3,1,3.5E7,2.05E7,2.1E7,1.25E7,3.0785714285714287E7,1.847142857142857E7,2.8283333333333332E7,1.6943333333333332E7,1.55E7,9800000.0,1.955E8,1.16E8,1.0558E9,6.345E8
2024-03-03,1.55E7,9800000.0,DEFAULT,1,5700000.0,0,3,1,2.2E7,1.4E7,1.35E7,8800000.0,3.1E7,1.8614285714285713E7,2.7733333333333332E7,1.6653333333333334E7,2.8E7,1.65E7,1.948E8,1.154E8,1.0788E9,6.472E8
2024-03-04,2.8E7,1.65E7,DEFAULT,1,1.15E7,1,3,1,1.55E7,2.9E7,9800000.0,1.7E7,3.085714285714286E7,1.854285714285714E7,2.805E7,1.683E7,3.1E7,1.82E7,1.958E8,1.159E8,1.0868E9,6.517E8
2024-03-05,3.1E7,1.82E7,DEFAULT,1,1.28E7,2,3,1,2.8E7,3.25E7,1.65E7,1.9E7,3.064285714285714E7,1.842857142857143E7,2.8683333333333332E7,1.7186666666666668E7,2.95E7,1.7E7,1.968E8,1.162E8,1.0958E9,6.575E8
2024-03-06,2.95E7,1.7E7,DEFAULT,1,1.25E7,3,3,1,3.1E7,4.5E7,1.82E7,2.7E7,2.842857142857143E7,1.7E7,2.885E7,1.728E7,3.3E7,1.95E7,1.978E8,1.17E8,1.1113E9,6.68E8
2024-03-07,3.3E7,1.95E7,DEFAULT,1,1.35E7,4,3,1,2.95E7,3.8E7,1.7E7,2.3E7,2.7714285714285713E7,1.65E7,2.905E7,1.7403333333333332E7,3.7E7,2.2E7,1.998E8,1.18E8,1.1048E9,6.645E8
2024-03-08,3.7E7,2.2E7,DEFAULT,1,1.5E7,5,3,1,3.3E7,3.5E7,1.95E7,2.1E7,2.8E7,1.6642857142857144E7,2.9433333333333332E7,1.7653333333333332E7,2.15E7,1.3E7,2.108E8,1.25E8,1.0863E9,6.54E8
2024-03-09,2.15E7,1.3E7,DEFAULT,1,8500000.0,6,3,1,3.7E7,2.2E7,2.2E7,1.35E7,2.792857142857143E7,1.657142857142857E7,2.9183333333333332E7,1.752E7,1.48E7,9200000.0,2.143E8,1.275E8,1.0978E9,6.605E8
2024-03-10,1.48E7,9200000.0,DEFAULT,1,5600000.0,0,3,1,2.15E7,1.55E7,1.3E7,9800000.0,2.782857142857143E7,1.6485714285714285E7,2.8543333333333332E7,1.7143333333333332E7,2.9E7,1.7E7,2.17E8,1.293E8,1.1195E9,6.728E8
2024-03-11,2.9E7,1.7E7,DEFAULT,1,1.2E7,1,3,1,1.48E7,2.8E7,9200000.0,1.65E7,2.797142857142857E7,1.6557142857142856E7,2.886E7,1.731E7,3.2E7,1.85E7,2.19E8,1.308E8,1.1245E9,6.758E8
2024-03-12,3.2E7,1.85E7,DEFAULT,1,1.35E7,2,3,1,2.9E7,3.1E7,1.7E7,1.82E7,2.8114285714285713E7,1.66E7,2.9476666666666668E7,1.7643333333333332E7,3.05E7,1.78E7,2.215E8,1.323E8,1.1305E9,6.798E8
2024-03-13,3.05E7,1.78E7,DEFAULT,1,1.27E7,3,3,1,3.2E7,2.95E7,1.85E7,1.7E7,2.825714285714286E7,1.6714285714285715E7,2.9626666666666668E7,1.772E7,3.5E7,2.05E7,2.23E8,1.333E8,1.142E9,6.87E8
2024-03-14,3.5E7,2.05E7,DEFAULT,1,1.45E7,4,3,1,3.05E7,3.3E7,1.78E7,1.95E7,2.854285714285714E7,1.685714285714286E7,2.9843333333333332E7,1.7843333333333332E7,4.8E7,2.9E7,2.245E8,1.343E8,1.1315E9,6.815E8
2024-03-15,4.8E7,2.9E7,DEFAULT,1,1.9E7,5,3,1,3.5E7,3.7E7,2.05E7,2.2E7,3.0114285714285713E7,1.785714285714286E7,2.961E7,1.7643333333333332E7,2.5E7,1.55E7,2.175E8,1.298E8,1.1005E9,6.63E8
2024-03-16,2.5E7,1.55E7,DEFAULT,1,9500000.0,6,3,1,4.8E7,2.15E7,2.9E7,1.3E7,3.0614285714285713E7,1.8214285714285713E7,2.9043333333333332E7,1.731E7,1.75E7,1.1E7,2.165E8,1.288E8,1.1235E9,6.765E8
2024-03-17,1.75E7,1.1E7,DEFAULT,1,6500000.0,0,3,1,2.5E7,1.48E7,1.55E7,9200000.0,3.1E7,1.847142857142857E7,2.846E7,1.6976666666666668E7,3.1E7,1.85E7,2.155E8,1.28E8,1.1485E9,6.91E8
2024-03-18,3.1E7,1.85E7,DEFAULT,1,1.25E7,1,3,1,1.75E7,2.9E7,1.1E7,1.7E7,3.1285714285714287E7,1.8685714285714287E7,2.876E7,1.7143333333333332E7,3.45E7,2.0E7,2.395E8,1.425E8,1.1565E9,6.955E8
2024-03-19,3.45E7,2.0E7,DEFAULT,1,1.45E7,2,3,1,3.1E7,3.2E7,1.85E7,1.85E7,3.164285714285714E7,1.89E7,2.941E7,1.7493333333333332E7,3.2E7,1.88E7,2.67E8,1.605E8,1.1655E9,7.015E8
2024-03-20,3.2E7,1.88E7,DEFAULT,1,1.32E7,3,3,1,3.45E7,3.05E7,2.0E7,1.78E7,3.185714285714286E7,1.904285714285714E7,2.956E7,1.7586666666666668E7,3.65E7,2.15E7,2.93E8,1.767E8,1.1815E9,7.112E8
2024-03-21,3.65E7,2.15E7,DEFAULT,1,1.5E7,4,3,1,3.2E7,3.5E7,1.88E7,2.05E7,3.207142857142857E7,1.9185714285714287E7,2.9776666666666668E7,1.772E7,4.1E7,2.45E7,3.215E8,1.952E8,1.173E9,7.067E8
2024-03-22,4.1E7,2.45E7,DEFAULT,1,1.65E7,5,3,1,3.65E7,4.8E7,2.15E7,2.9E7,3.107142857142857E7,1.854285714285714E7,3.021E7,1.7996666666666668E7,2.4E7,1.45E7,3.525E8,2.147E8,1.1515E9,6.942E8
2024-03-23,2.4E7,1.45E7,DEFAULT,1,9500000.0,6,3,1,4.1E7,2.5E7,2.45E7,1.55E7,3.092857142857143E7,1.84E7,2.9943333333333332E7,1.7853333333333332E7,1.65E7,1.02E7,3.665E8,2.237E8,1.1635E9,7.012E8
2024-03-24,1.65E7,1.02E7,DEFAULT,1,6300000.0,0,3,1,2.4E7,1.75E7,1.45E7,1.1E7,3.0785714285714287E7,1.8285714285714287E7,2.9293333333333332E7,1.7476666666666668E7,5.5E7,3.3E7,3.78E8,2.31E8,1.187E9,7.15E8
2024-03-25,5.5E7,3.3E7,DEFAULT,1,2.2E7,1,3,1,1.65E7,3.1E7,1.02E7,1.85E7,3.421428571428572E7,2.035714285714286E7,3.0443333333333332E7,1.816E7,6.2E7,3.8E7,3.58E8,2.19E8,1.187E9,7.15E8
2024-03-26,6.2E7,3.8E7,DEFAULT,1,2.4E7,2,3,1,5.5E7,3.45E7,3.3E7,2.0E7,3.814285714285714E7,2.292857142857143E7,3.2043333333333332E7,1.9133333333333332E7,5.8E7,3.5E7,3.345E8,2.035E8,1.193E9,7.18E8
2024-03-27,5.8E7,3.5E7,DEFAULT,1,2.3E7,3,3,1,6.2E7,3.2E7,3.8E7,1.88E7,4.185714285714286E7,2.524285714285714E7,3.301E7,1.9733333333333332E7,6.5E7,4.0E7,3.125E8,1.895E8,1.21E9,7.28E8
2024-03-28,6.5E7,4.0E7,DEFAULT,1,2.5E7,4,3,1,5.8E7,3.65E7,3.5E7,2.15E7,4.5928571428571425E7,2.7885714285714287E7,3.4093333333333336E7,2.0433333333333332E7,7.2E7,4.4E7,2.875E8,1.735E8,1.187E9,7.135E8
2024-03-29,7.2E7,4.4E7,DEFAULT,1,2.8E7,5,3,1,6.5E7,4.1E7,4.0E7,2.45E7,5.035714285714286E7,3.067142857142857E7,3.4993333333333336E7,2.1E7,3.8E7,2.35E7,2.605E8,1.57E8,1.145E9,6.88E8
2024-03-30,3.8E7,2.35E7,DEFAULT,1,1.45E7,6,3,1,7.2E7,2.4E7,4.4E7,1.45E7,5.235714285714286E7,3.195714285714286E7,3.4993333333333336E7,2.1016666666666668E7,2.8E7,1.75E7,2.49E8,1.495E8,1.159E9,6.96E8
2024-03-31,2.8E7,1.75E7,DEFAULT,1,1.05E7,0,3,1,3.8E7,1.65E7,2.35E7,1.02E7,5.4E7,3.3E7,3.476E7,2.09E7,3.5E7,2.1E7,2.395E8,1.435E8,1.189E9,7.135E8
2024-04-01,3.5E7,2.1E7,DEFAULT,1,1.4E7,1,4,2,2.8E7,5.5E7,1.75E7,3.3E7,5.114285714285714E7,3.1285714285714287E7,3.5193333333333336E7,2.115E7,3.85E7,2.25E7,2.375E8,1.42E8,1.199E9,7.195E8
2024-04-02,3.85E7,2.25E7,DEFAULT,1,1.6E7,2,4,2,3.5E7,6.2E7,2.1E7,3.8E7,4.778571428571428E7,2.907142857142857E7,3.596E7,2.1573333333333332E7,3.6E7,2.1E7,2.355E8,1.41E8,1.2105E9,7.27E8
2024-04-03,3.6E7,2.1E7,DEFAULT,1,1.5E7,3,4,2,3.85E7,5.8E7,2.25E7,3.5E7,4.464285714285714E7,2.707142857142857E7,3.6226666666666664E7,2.1723333333333332E7,4.0E7,2.4E7,2.335E8,1.4E8,1.2215E9,7.34E8
2024-04-04,4.0E7,2.4E7,DEFAULT,1,1.6E7,4,4,2,3.6E7,6.5E7,2.1E7,4.0E7,4.1071428571428575E7,2.4785714285714287E7,3.6526666666666664E7,2.1916666666666668E7,4.5E7,2.75E7,2.315E8,1.385E8,1.2095E9,7.27E8
2024-04-05,4.5E7,2.75E7,DEFAULT,1,1.75E7,5,4,2,4.0E7,7.2E7,2.4E7,4.4E7,3.721428571428572E7,2.242857142857143E7,3.7043333333333336E7,2.2266666666666668E7,2.65E7,1.6E7,2.285E8,1.36E8,1.184E9,7.115E8
2024-04-06,2.65E7,1.6E7,DEFAULT,1,1.05E7,6,4,2,4.5E7,3.8E7,2.75E7,2.35E7,3.5571428571428575E7,2.135714285714286E7,3.6826666666666664E7,2.215E7,1.85E7,1.15E7,2.265E8,1.35E8,1.1955E9,7.185E8
2024-04-07,1.85E7,1.15E7,DEFAULT,1,7000000.0,0,4,2,2.65E7,2.8E7,1.6E7,1.75E7,3.421428571428572E7,2.05E7,3.621E7,2.18E7,3.3E7,1.95E7,2.25E8,1.34E8,1.219E9,7.32E8
2024-04-08,3.3E7,1.95E7,DEFAULT,1,1.35E7,1,4,2,1.85E7,3.5E7,1.15E7,2.1E7,3.3928571428571425E7,2.0285714285714287E7,3.6593333333333336E7,2.2016666666666668E7,3.65E7,2.15E7,2.4E8,1.435E8,1.2255E9,7.36E8
2024-04-09,3.65E7,2.15E7,DEFAULT,1,1.5E7,2,4,2,3.3E7,3.85E7,1.95E7,2.25E7,3.364285714285714E7,2.014285714285714E7,3.7316666666666664E7,2.2426666666666668E7,3.4E7,2.0E7,2.46E8,1.475E8,1.233E9,7.41E8
2024-04-10,3.4E7,2.0E7,DEFAULT,1,1.4E7,3,4,2,3.65E7,3.6E7,2.15E7,2.1E7,3.335714285714286E7,2.0E7,3.7483333333333336E7,2.2526666666666668E7,3.8E7,2.25E7,2.51E8,1.505E8,1.2475E9,7.5E8
2024-04-11,3.8E7,2.25E7,DEFAULT,1,1.55E7,4,4,2,3.4E7,4.0E7,2.0E7,2.4E7,3.307142857142857E7,1.9785714285714287E7,3.7683333333333336E7,2.266E7,4.2E7,2.5E7,2.565E8,1.54E8,1.2385E9,7.45E8
2024-04-12,4.2E7,2.5E7,DEFAULT,1,1.7E7,5,4,2,3.8E7,4.5E7,2.25E7,2.75E7,3.264285714285714E7,1.942857142857143E7,3.8066666666666664E7,2.29E7,2.45E7,1.5E7,2.625E8,1.575E8,1.2165E9,7.325E8
2024-04-13,2.45E7,1.5E7,DEFAULT,1,9500000.0,6,4,2,4.2E7,2.65E7,2.5E7,1.6E7,3.235714285714286E7,1.9285714285714287E7,3.7716666666666664E7,2.2716666666666668E7,1.7E7,1.05E7,2.66E8,1.595E8,1.232E9,7.415E8
2024-04-14,1.7E7,1.05E7,DEFAULT,1,6500000.0,0,4,2,2.45E7,1.85E7,1.5E7,1.15E7,3.214285714285714E7,1.914285714285714E7,3.6683333333333336E7,2.21E7,4.8E7,2.9E7,2.685E8,1.61E8,1.2595E9,7.575E8
2024-04-15,4.8E7,2.9E7,DEFAULT,1,1.9E7,1,4,2,1.7E7,3.3E7,1.05E7,1.95E7,3.428571428571428E7,2.05E7,3.745E7,2.255E7,4.25E7,2.55E7,2.565E8,1.535E8,1.2535E9,7.535E8
2024-04-16,4.25E7,2.55E7,DEFAULT,1,1.7E7,2,4,2,4.8E7,3.65E7,2.9E7,2.15E7,3.514285714285714E7,2.107142857142857E7,3.8283333333333336E7,2.3033333333333332E7,3.9E7,2.3E7,2.54E8,1.52E8,1.2575E9,7.555E8
2024-04-17,3.9E7,2.3E7,DEFAULT,1,1.6E7,3,4,2,4.25E7,3.4E7,2.55E7,2.0E7,3.585714285714286E7,2.15E7,3.855E7,2.3183333333333332E7,4.35E7,2.6E7,2.7E8,1.62E8,1.2695E9,7.63E8
2024-04-18,4.35E7,2.6E7,DEFAULT,1,1.75E7,4,4,2,3.9E7,3.8E7,2.3E7,2.25E7,3.664285714285714E7,2.2E7,3.885E7,2.3383333333333332E7,4.8E7,2.85E7,2.945E8,1.77E8,1.2565E9,7.555E8
2024-04-19,4.8E7,2.85E7,DEFAULT,1,1.95E7,5,4,2,4.35E7,4.2E7,2.6E7,2.5E7,3.75E7,2.25E7,3.9383333333333336E7,2.3706666666666668E7,2.8E7,1.7E7,3.215E8,1.935E8,1.23E9,7.4E8
2024-04-20,2.8E7,1.7E7,DEFAULT,1,1.1E7,6,4,2,4.8E7,2.45E7,2.85E7,1.5E7,3.8E7,2.2785714285714287E7,3.91E7,2.3556666666666668E7,1.95E7,1.2E7,3.355E8,2.02E8,1.245E9,7.49E8
2024-04-21,1.95E7,1.2E7,DEFAULT,1,7500000.0,0,4,2,2.8E7,1.7E7,1.7E7,1.05E7,3.835714285714286E7,2.3E7,3.8383333333333336E7,2.314E7,3.6E7,2.15E7,3.46E8,2.085E8,1.2725E9,7.65E8
2024-04-22,3.6E7,2.15E7,DEFAULT,1,1.45E7,1,4,2,1.95E7,4.8E7,1.2E7,2.9E7,3.664285714285714E7,2.192857142857143E7,3.8783333333333336E7,2.3373333333333332E7,4.0E7,2.4E7,3.62E8,2.185E8,1.2815E9,7.705E8
2024-04-23,4.0E7,2.4E7,DEFAULT,1,1.6E7,2,4,2,3.6E7,4.25E7,2.15E7,2.55E7,3.628571428571428E7,2.1714285714285713E7,3.9566666666666664E7,2.3833333333333332E7,5.5E7,3.3E7,3.8E8,2.295E8,1.2915E9,7.765E8
2024-04-24,5.5E7,3.3E7,DEFAULT,1,2.2E7,3,4,2,4.0E7,3.9E7,2.4E7,2.3E7,3.8571428571428575E7,2.314285714285714E7,3.9566666666666664E7,2.3833333333333332E7,6.8E7,4.1E7,3.7E8,2.235E8,1.3145E9,7.905E8
2024-04-25,6.8E7,4.1E7,DEFAULT,1,2.7E7,4,4,2,5.5E7,4.35E7,3.3E7,2.6E7,4.2071428571428575E7,2.5285714285714287E7,3.9766666666666664E7,2.3933333333333332E7,7.5E7,4.5E7,3.52E8,2.125E8,1.3315E9,8.005E8
2024-04-26,7.5E7,4.5E7,DEFAULT,1,3.0E7,5,4,2,6.8E7,4.8E7,4.1E7,2.85E7,4.5928571428571425E7,2.764285714285714E7,4.0333333333333336E7,2.4266666666666668E7,4.2E7,2.55E7,3.24E8,1.955E8,1.3045E9,7.845E8
2024-04-27,4.2E7,2.55E7,DEFAULT,1,1.65E7,6,4,2,7.5E7,2.8E7,4.5E7,1.7E7,4.7928571428571425E7,2.885714285714286E7,3.9566666666666664E7,2.3783333333333332E7,3.0E7,1.85E7,3.1E8,1.87E8,1.3175E9,7.92E8
2024-04-28,3.0E7,1.85E7,DEFAULT,1,1.15E7,0,4,2,4.2E7,1.95E7,2.55E7,1.2E7,4.9428571428571425E7,2.9785714285714287E7,3.8166666666666664E7,2.2933333333333332E7,5.2E7,3.15E7,2.995E8,1.805E8,1.3595E9,8.17E8
2024-04-29,5.2E7,3.15E7,DEFAULT,1,2.05E7,1,4,2,3.0E7,3.6E7,1.85E7,2.15E7,5.171428571428572E7,3.1214285714285713E7,3.8633333333333336E7,2.32E7,5.8E7,3.5E7,2.855E8,1.72E8,1.3855E9,8.325E8
2024-04-30,5.8E7,3.5E7,DEFAULT,1,2.3E7,2,4,2,5.2E7,4.0E7,3.15E7,2.4E7,5.428571428571428E7,3.2785714285714287E7,3.9633333333333336E7,2.3783333333333332E7,4.5E7,2.7E7,2.695E8,1.62E8,1.4095E9,8.47E8
2024-05-01,4.5E7,2.7E7,DEFAULT,1,1.8E7,3,5,2,5.8E7,5.5E7,3.5E7,3.3E7,5.285714285714286E7,3.192857142857143E7,3.9966666666666664E7,2.3983333333333332E7,5.0E7,3.0E7,2.64E8,1.585E8,1.4295E9,8.59E8
2024-05-02,5.0E7,3.0E7,DEFAULT,1,2.0E7,4,5,2,4.5E7,6.8E7,2.7E7,4.1E7,5.028571428571428E7,3.035714285714286E7,4.035E7,2.4233333333333332E7,4.7E7,2.8E7,2.58E8,1.55E8,1.4175E9,8.52E8
2024-05-03,4.7E7,2.8E7,DEFAULT,1,1.9E7,5,5,2,5.0E7,7.5E7,3.0E7,4.5E7,4.628571428571428E7,2.792857142857143E7,4.0716666666666664E7,2.4466666666666668E7,2.8E7,1.7E7,2.595E8,1.56E8,1.397E9,8.4E8
2024-05-04,2.8E7,1.7E7,DEFAULT,1,1.1E7,6,5,2,4.7E7,4.2E7,2.8E7,2.55E7,4.428571428571428E7,2.6714285714285713E7,4.0316666666666664E7,2.4233333333333332E7,1.95E7,1.2E7,2.605E8,1.565E8,1.414E9,8.5E8
2024-05-05,1.95E7,1.2E7,DEFAULT,1,7500000.0,0,5,2,2.8E7,3.0E7,1.7E7,1.85E7,4.278571428571428E7,2.5785714285714287E7,3.9466666666666664E7,2.3716666666666668E7,3.8E7,2.3E7,2.61E8,1.57E8,1.444E9,8.675E8
2024-05-06,3.8E7,2.3E7,DEFAULT,1,1.5E7,1,5,2,1.95E7,5.2E7,1.2E7,3.15E7,4.078571428571428E7,2.457142857142857E7,3.985E7,2.395E7,4.2E7,2.5E7,2.63E8,1.58E8,1.453E9,8.725E8
2024-05-07,4.2E7,2.5E7,DEFAULT,1,1.7E7,2,5,2,3.8E7,5.8E7,2.3E7,3.5E7,3.85E7,2.314285714285714E7,4.0633333333333336E7,2.44E7,3.95E7,2.35E7,2.655E8,1.595E8,1.463E9,8.785E8
2024-05-08,3.95E7,2.35E7,DEFAULT,1,1.6E7,3,5,2,4.2E7,4.5E7,2.5E7,2.7E7,3.771428571428572E7,2.264285714285714E7,4.085E7,2.4533333333333332E7,4.4E7,2.65E7,2.68E8,1.61E8,1.4805E9,8.89E8
2024-05-09,4.4E7,2.65E7,DEFAULT,1,1.75E7,4,5,2,3.95E7,5.0E7,2.35E7,3.0E7,3.685714285714286E7,2.214285714285714E7,4.11E7,2.47E7,4.85E7,2.9E7,2.705E8,1.62E8,1.4705E9,8.83E8
2024-05-10,4.85E7,2.9E7,DEFAULT,1,1.95E7,5,5,2,4.4E7,4.7E7,2.65E7,2.8E7,3.7071428571428575E7,2.2285714285714287E7,4.1583333333333336E7,2.5E7,2.9E7,1.75E7,2.73E8,1.635E8,1.446E9,8.685E8
2024-05-11,2.9E7,1.75E7,DEFAULT,1,1.15E7,6,5,2,4.85E7,2.8E7,2.9E7,1.7E7,3.721428571428572E7,2.235714285714286E7,4.1283333333333336E7,2.4833333333333332E7,2.0E7,1.25E7,2.745E8,1.645E8,1.465E9,8.8E8
2024-05-12,2.0E7,1.25E7,DEFAULT,1,7500000.0,0,5,2,2.9E7,1.95E7,1.75E7,1.2E7,3.728571428571428E7,2.242857142857143E7,4.055E7,2.4416666666666668E7,4.0E7,2.4E7,2.76E8,1.65E8,1.4975E9,8.99E8
2024-05-13,4.0E7,2.4E7,DEFAULT,1,1.6E7,1,5,2,2.0E7,3.8E7,1.25E7,2.3E7,3.7571428571428575E7,2.257142857142857E7,4.1066666666666664E7,2.4716666666666668E7,4.45E7,2.65E7,2.79E8,1.67E8,1.5075E9,9.05E8
2024-05-14,4.45E7,2.65E7,DEFAULT,1,1.8E7,2,5,2,4.0E7,4.2E7,2.4E7,2.5E7,3.7928571428571425E7,2.2785714285714287E7,4.1983333333333336E7,2.525E7,4.2E7,2.5E7,2.815E8,1.685E8,1.518E9,9.115E8
2024-05-15,4.2E7,2.5E7,DEFAULT,1,1.7E7,3,5,2,4.45E7,3.95E7,2.65E7,2.35E7,3.828571428571428E7,2.3E7,4.1783333333333336E7,2.5116666666666668E7,4.65E7,2.75E7,2.845E8,1.705E8,1.536E9,9.225E8
2024-05-16,4.65E7,2.75E7,DEFAULT,1,1.9E7,4,5,2,4.2E7,4.4E7,2.5E7,2.65E7,3.864285714285714E7,2.314285714285714E7,4.1916666666666664E7,2.5183333333333332E7,5.1E7,3.05E7,2.88E8,1.73E8,1.525E9,9.165E8
2024-05-17,5.1E7,3.05E7,DEFAULT,1,2.05E7,5,5,2,4.65E7,4.85E7,2.75E7,2.9E7,3.9E7,2.335714285714286E7,4.2316666666666664E7,2.5433333333333332E7,3.05E7,1.85E7,3.15E8,1.895E8,1.499E9,9.01E8
2024-05-18,3.05E7,1.85E7,DEFAULT,1,1.2E7,6,5,2,5.1E7,2.9E7,3.05E7,1.75E7,3.921428571428572E7,2.35E7,4.1883333333333336E7,2.5183333333333332E7,2.15E7,1.3E7,3.695E8,2.22E8,1.5195E9,9.13E8
2024-05-19,2.15E7,1.3E7,DEFAULT,1,8500000.0,0,5,2,3.05E7,2.0E7,1.85E7,1.25E7,3.9428571428571425E7,2.357142857142857E7,4.1E7,2.4666666666666668E7,4.3E7,2.6E7,3.96E8,2.38E8,1.5535E9,9.33E8
2024-05-20,4.3E7,2.6E7,DEFAULT,1,1.7E7,1,5,2,2.15E7,4.0E7,1.3E7,2.4E7,3.985714285714286E7,2.385714285714286E7,4.15E7,2.4966666666666668E7,4.7E7,2.8E7,4.08E8,2.45E8,1.5635E9,9.385E8
2024-05-21,4.7E7,2.8E7,DEFAULT,1,1.9E7,2,5,2,4.3E7,4.45E7,2.6E7,2.65E7,4.021428571428572E7,2.407142857142857E7,4.2416666666666664E7,2.55E7,4.5E7,2.7E7,4.33E8,2.605E8,1.5745E9,9.45E8
2024-05-22,4.5E7,2.7E7,DEFAULT,1,1.8E7,3,5,2,4.7E7,4.2E7,2.8E7,2.5E7,4.064285714285714E7,2.435714285714286E7,4.2716666666666664E7,2.5683333333333332E7,5.0E7,3.0E7,4.66E8,2.805E8,1.5925E9,9.555E8
2024-05-23,5.0E7,3.0E7,DEFAULT,1,2.0E7,4,5,2,4.5E7,4.65E7,2.7E7,2.75E7,4.114285714285714E7,2.4714285714285713E7,4.305E7,2.5883333333333332E7,7.8E7,4.7E7,4.98E8,3.0E8,1.58E9,9.48E8
2024-05-24,7.8E7,4.7E7,DEFAULT,1,3.1E7,5,5,2,5.0E7,5.1E7,3.0E7,3.05E7,4.5E7,2.707142857142857E7,4.3816666666666664E7,2.635E7,8.5E7,5.1E7,4.85E8,2.92E8,1.5285E9,9.17E8
2024-05-25,8.5E7,5.1E7,DEFAULT,1,3.4E7,6,5,2,7.8E7,3.05E7,4.7E7,1.85E7,5.278571428571428E7,3.1714285714285713E7,4.4383333333333336E7,2.6683333333333332E7,4.8E7,2.9E7,4.38E8,2.64E8,1.4975E9,8.985E8
2024-05-26,4.8E7,2.9E7,DEFAULT,1,1.9E7,0,5,2,8.5E7,2.15E7,5.1E7,1.3E7,5.6571428571428575E7,3.4E7,4.3483333333333336E7,2.615E7,5.5E7,3.3E7,4.165E8,2.51E8,1.5345E9,9.205E8
2024-05-27,5.5E7,3.3E7,DEFAULT,1,2.2E7,1,5,2,4.8E7,4.3E7,2.9E7,2.6E7,5.828571428571428E7,3.5E7,4.3916666666666664E7,2.64E7,7.2E7,4.35E7,4.065E8,2.45E8,1.5745E9,9.445E8
2024-05-28,7.2E7,4.35E7,DEFAULT,1,2.85E7,2,5,2,5.5E7,4.7E7,3.3E7,2.8E7,6.185714285714286E7,3.721428571428572E7,4.5316666666666664E7,2.7233333333333332E7,7.8E7,4.7E7,3.84E8,2.31E8,1.5945E9,9.56E8
2024-05-29,7.8E7,4.7E7,DEFAULT,1,3.1E7,3,5,2,7.2E7,4.5E7,4.35E7,2.7E7,6.6571428571428575E7,4.0071428571428575E7,4.6183333333333336E7,2.775E7,8.2E7,4.95E7,3.53E8,2.12E8,1.6045E9,9.62E8
2024-05-30,8.2E7,4.95E7,DEFAULT,1,3.25E7,4,5,2,7.8E7,5.0E7,4.7E7,3.0E7,7.114285714285715E7,4.285714285714286E7,4.6983333333333336E7,2.8233333333333332E7,6.5E7,3.9E7,3.23E8,1.935E8,1.6275E9,9.755E8
2024-05-31,6.5E7,3.9E7,DEFAULT,1,2.6E7,5,5,2,8.2E7,7.8E7,4.95E7,4.7E7,6.928571428571428E7,4.171428571428572E7,4.765E7,2.8633333333333332E7,3.8E7,2.3E7,3.15E8,1.885E8,1.6205E9,9.715E8
2024-06-01,3.8E7,2.3E7,DEFAULT,1,1.5E7,6,6,2,6.5E7,8.5E7,3.9E7,5.1E7,6.2571428571428575E7,3.771428571428572E7,4.725E7,2.84E7,2.65E7,1.6E7,3.11E8,1.86E8,1.6305E9,9.775E8
2024-06-02,2.65E7,1.6E7,DEFAULT,1,1.05E7,0,6,2,3.8E7,4.8E7,2.3E7,2.9E7,5.95E7,3.585714285714286E7,4.6566666666666664E7,2.8E7,4.5E7,2.7E7,3.085E8,1.845E8,1.659E9,9.945E8
2024-06-03,4.5E7,2.7E7,DEFAULT,1,1.8E7,1,6,2,2.65E7,5.5E7,1.6E7,3.3E7,5.8071428571428575E7,3.5E7,4.7133333333333336E7,2.8333333333333332E7,4.95E7,2.95E7,3.115E8,1.865E8,1.6665E9,9.99E8
2024-06-04,4.95E7,2.95E7,DEFAULT,1,2.0E7,2,6,2,4.5E7,7.2E7,2.7E7,4.35E7,5.485714285714286E7,3.3E7,4.8133333333333336E7,2.8916666666666668E7,4.7E7,2.8E7,3.145E8,1.885E8,1.674E9,1.0035E9
2024-06-05,4.7E7,2.8E7,DEFAULT,1,1.9E7,3,6,2,4.95E7,7.8E7,2.95E7,4.7E7,5.0428571428571425E7,3.0285714285714287E7,4.8433333333333336E7,2.9083333333333332E7,5.2E7,3.1E7,3.175E8,1.905E8,1.689E9,1.0125E9
2024-06-06,5.2E7,3.1E7,DEFAULT,1,2.1E7,4,6,2,4.7E7,8.2E7,2.8E7,4.95E7,4.614285714285714E7,2.764285714285714E7,4.8766666666666664E7,2.9283333333333332E7,5.7E7,3.4E7,3.205E8,1.925E8,1.674E9,1.0035E9
2024-06-07,5.7E7,3.4E7,DEFAULT,1,2.3E7,5,6,2,5.2E7,6.5E7,3.1E7,3.9E7,4.5E7,2.692857142857143E7,4.935E7,2.9633333333333332E7,3.4E7,2.05E7,3.235E8,1.945E8,1.643E9,9.85E8
2024-06-08,3.4E7,2.05E7,DEFAULT,1,1.35E7,6,6,2,5.7E7,3.8E7,3.4E7,2.3E7,4.4428571428571425E7,2.657142857142857E7,4.9016666666666664E7,2.9433333333333332E7,2.4E7,1.45E7,3.25E8,1.955E8,1.662E9,9.965E8
2024-06-09,2.4E7,1.45E7,DEFAULT,1,9500000.0,0,6,2,3.4E7,2.65E7,2.05E7,1.6E7,4.4071428571428575E7,2.635714285714286E7,4.82E7,2.895E7,4.8E7,2.9E7,3.26E8,1.96E8,1.6955E9,1.0165E9
2024-06-10,4.8E7,2.9E7,DEFAULT,1,1.9E7,1,6,2,2.4E7,4.5E7,1.45E7,2.7E7,4.45E7,2.664285714285714E7,4.8833333333333336E7,2.9333333333333332E7,5.25E7,3.15E7,3.29E8,1.975E8,1.7025E9,1.0205E9
2024-06-11,5.25E7,3.15E7,DEFAULT,1,2.1E7,2,6,2,4.8E7,4.95E7,2.9E7,2.95E7,4.4928571428571425E7,2.692857142857143E7,4.9916666666666664E7,2.9966666666666668E7,5.0E7,3.0E7,3.32E8,1.99E8,1.71E9,1.025E9
2024-06-12,5.0E7,3.0E7,DEFAULT,1,2.0E7,3,6,2,5.25E7,4.7E7,3.15E7,2.8E7,4.535714285714286E7,2.7214285714285713E7,5.025E7,3.0166666666666668E7,5.5E7,3.3E7,3.35E8,2.005E8,1.725E9,1.034E9
2024-06-13,5.5E7,3.3E7,DEFAULT,1,2.2E7,4,6,2,5.0E7,5.2E7,3.0E7,3.1E7,4.578571428571428E7,2.75E7,5.06E7,3.0383333333333332E7,6.0E7,3.6E7,3.38E8,2.02E8,1.7085E9,1.024E9
2024-06-14,6.0E7,3.6E7,DEFAULT,1,2.4E7,5,6,2,5.5E7,5.7E7,3.3E7,3.4E7,4.621428571428572E7,2.7785714285714287E7,5.12E7,3.075E7,3.55E7,2.15E7,3.41E8,2.035E8,1.6755E9,1.0042E9
2024-06-15,3.55E7,2.15E7,DEFAULT,1,1.4E7,6,6,2,6.0E7,3.4E7,3.6E7,2.05E7,4.6428571428571425E7,2.792857142857143E7,5.0833333333333336E7,3.055E7,2.5E7,1.5E7,3.43E8,2.045E8,1.696E9,1.0162E9
2024-06-16,2.5E7,1.5E7,DEFAULT,1,1.0E7,0,6,2,3.55E7,2.4E7,2.15E7,1.45E7,4.6571428571428575E7,2.8E7,4.9966666666666664E7,3.0033333333333332E7,5.1E7,3.05E7,3.445E8,2.055E8,1.7315E9,1.0372E9
2024-06-17,5.1E7,3.05E7,DEFAULT,1,2.05E7,1,6,2,2.5E7,4.8E7,1.5E7,2.9E7,4.7E7,2.8214285714285713E7,5.065E7,3.0433333333333332E7,5.55E7,3.3E7,3.475E8,2.075E8,1.7385E9,1.0412E9
2024-06-18,5.55E7,3.3E7,DEFAULT,1,2.25E7,2,6,2,5.1E7,5.25E7,3.05E7,3.15E7,4.7428571428571425E7,2.842857142857143E7,5.1783333333333336E7,3.11E7,5.3E7,3.15E7,3.77E8,2.255E8,1.746E9,1.0457E9
2024-06-19,5.3E7,3.15E7,DEFAULT,1,2.15E7,3,6,2,5.55E7,5.0E7,3.3E7,3.0E7,4.785714285714286E7,2.864285714285714E7,5.2116666666666664E7,3.1283333333333332E7,5.8E7,3.45E7,4.19E8,2.51E8,1.761E9,1.0547E9
2024-06-20,5.8E7,3.45E7,DEFAULT,1,2.35E7,4,6,2,5.3E7,5.5E7,3.15E7,3.3E7,4.828571428571428E7,2.885714285714286E7,5.2483333333333336E7,3.15E7,6.3E7,3.75E7,4.53E8,2.715E8,1.743E9,1.0442E9
2024-06-21,6.3E7,3.75E7,DEFAULT,1,2.55E7,5,6,2,5.8E7,6.0E7,3.45E7,3.6E7,4.871428571428572E7,2.907142857142857E7,5.3083333333333336E7,3.185E7,3.75E7,2.25E7,4.78E8,2.87E8,1.7085E9,1.0237E9
2024-06-22,3.75E7,2.25E7,DEFAULT,1,1.5E7,6,6,2,6.3E7,3.55E7,3.75E7,2.15E7,4.9E7,2.9214285714285713E7,5.2666666666666664E7,3.16E7,2.65E7,1.6E7,5.455E8,3.275E8,1.73E9,1.0362E9
2024-06-23,2.65E7,1.6E7,DEFAULT,1,1.05E7,0,6,2,3.75E7,2.5E7,2.25E7,1.5E7,4.921428571428572E7,2.935714285714286E7,5.095E7,3.0566666666666668E7,5.4E7,3.25E7,5.77E8,3.465E8,1.767E9,1.0582E9
2024-06-24,5.4E7,3.25E7,DEFAULT,1,2.15E7,1,6,2,2.65E7,5.1E7,1.6E7,3.05E7,4.964285714285714E7,2.964285714285714E7,4.9916666666666664E7,2.995E7,8.5E7,5.1E7,5.71E8,3.43E8,1.808E9,1.0827E9
2024-06-25,8.5E7,5.1E7,DEFAULT,1,3.4E7,2,6,2,5.4E7,5.55E7,3.25E7,3.3E7,5.385714285714286E7,3.2214285714285713E7,5.115E7,3.0683333333333332E7,9.5E7,5.7E7,5.41E8,3.25E8,1.828E9,1.0947E9
2024-06-26,9.5E7,5.7E7,DEFAULT,1,3.8E7,3,6,2,8.5E7,5.3E7,5.1E7,3.15E7,5.985714285714286E7,3.585714285714286E7,5.2483333333333336E7,3.1483333333333332E7,9.2E7,5.5E7,4.985E8,2.995E8,1.831E9,1.0967E9
2024-06-27,9.2E7,5.5E7,DEFAULT,1,3.7E7,4,6,2,9.5E7,5.8E7,5.7E7,3.45E7,6.471428571428572E7,3.878571428571428E7,5.315E7,3.1866666666666668E7,8.8E7,5.3E7,4.635E8,2.785E8,1.851E9,1.1087E9
2024-06-28,8.8E7,5.3E7,DEFAULT,1,3.5E7,5,6,2,9.2E7,6.3E7,5.5E7,3.75E7,6.828571428571428E7,4.1E7,5.3483333333333336E7,3.2066666666666668E7,1.05E8,6.3E7,4.375E8,2.625E8,1.825E9,1.0927E9
2024-06-29,1.05E8,6.3E7,DEFAULT,1,4.2E7,6,6,2,8.8E7,3.75E7,5.3E7,2.25E7,7.792857142857143E7,4.678571428571428E7,5.425E7,3.2516666666666668E7,5.8E7,3.5E7,3.695E8,2.215E8,1.79E9,1.0717E9
2024-06-30,5.8E7,3.5E7,DEFAULT,1,2.3E7,0,6,2,1.05E8,2.65E7,6.3E7,1.6E7,8.242857142857143E7,4.95E7,5.4016666666666664E7,3.2383333333333332E7,4.8E7,2.9E7,3.375E8,2.02E8,1.824E9,1.0917E9
2024-07-01,4.8E7,2.9E7,DEFAULT,1,1.9E7,1,7,3,5.8E7,5.4E7,3.5E7,3.25E7,8.157142857142857E7,4.9E7,5.435E7,3.2583333333333332E7,5.5E7,3.3E7,3.425E8,2.05E8,1.851E9,1.1077E9
2024-07-02,5.5E7,3.3E7,DEFAULT,1,2.2E7,2,7,3,4.8E7,8.5E7,2.9E7,5.1E7,7.728571428571428E7,4.6428571428571425E7,5.53E7,3.315E7,5.25E7,3.15E7,3.45E8,2.065E8,1.864E9,1.1157E9
2024-07-03,5.25E7,3.15E7,DEFAULT,1,2.1E7,3,7,3,5.5E7,9.5E7,3.3E7,5.7E7,7.121428571428572E7,4.278571428571428E7,5.555E7,3.33E7,5.7E7,3.4E7,3.475E8,2.08E8,1.8845E9,1.1277E9
2024-07-04,5.7E7,3.4E7,DEFAULT,1,2.3E7,4,7,3,5.25E7,9.2E7,3.15E7,5.5E7,6.621428571428572E7,3.978571428571428E7,5.58E7,3.345E7,6.2E7,3.7E7,3.505E8,2.1E8,1.87E9,1.1192E9
2024-07-05,6.2E7,3.7E7,DEFAULT,1,2.5E7,5,7,3,5.7E7,8.8E7,3.4E7,5.3E7,6.25E7,3.75E7,5.63E7,3.375E7,3.7E7,2.2E7,3.535E8,2.12E8,1.838E9,1.1002E9
2024-07-06,3.7E7,2.2E7,DEFAULT,1,1.5E7,6,7,3,6.2E7,1.05E8,3.7E7,6.3E7,5.278571428571428E7,3.164285714285714E7,5.58E7,3.345E7,2.6E7,1.55E7,3.55E8,2.13E8,1.863E9,1.1152E9
2024-07-07,2.6E7,1.55E7,DEFAULT,1,1.05E7,0,7,3,3.7E7,5.8E7,2.2E7,3.5E7,4.821428571428572E7,2.885714285714286E7,5.4766666666666664E7,3.2833333333333332E7,5.3E7,3.2E7,3.56E8,2.137E8,1.9035E9,1.1392E9
2024-07-08,5.3E7,3.2E7,DEFAULT,1,2.1E7,1,7,3,2.6E7,4.8E7,1.55E7,2.9E7,4.8928571428571425E7,2.9285714285714287E7,5.54E7,3.3216666666666668E7,5.75E7,3.45E7,3.59E8,2.152E8,1.9145E9,1.1452E9
2024-07-09,5.75E7,3.45E7,DEFAULT,1,2.3E7,2,7,3,5.3E7,5.5E7,3.2E7,3.3E7,4.928571428571428E7,2.95E7,5.6516666666666664E7,3.3883333333333336E7,5.5E7,3.3E7,3.62E8,2.167E8,1.926E9,1.1517E9
2024-07-10,5.5E7,3.3E7,DEFAULT,1,2.2E7,3,7,3,5.75E7,5.25E7,3.45E7,3.15E7,4.964285714285714E7,2.9714285714285713E7,5.675E7,3.4016666666666664E7,6.0E7,3.6E7,3.65E8,2.182E8,1.945E9,1.1627E9
2024-07-11,6.0E7,3.6E7,DEFAULT,1,2.4E7,4,7,3,5.5E7,5.7E7,3.3E7,3.4E7,5.0071428571428575E7,3.0E7,5.7E7,3.4166666666666664E7,6.5E7,3.9E7,3.68E8,2.197E8,1.9285E9,1.1527E9
2024-07-12,6.5E7,3.9E7,DEFAULT,1,2.6E7,5,7,3,6.0E7,6.2E7,3.6E7,3.7E7,5.05E7,3.0285714285714287E7,5.75E7,3.4466666666666664E7,3.85E7,2.3E7,3.71E8,2.212E8,1.8945E9,1.1322E9
2024-07-13,3.85E7,2.3E7,DEFAULT,1,1.55E7,6,7,3,6.5E7,3.7E7,3.9E7,2.2E7,5.071428571428572E7,3.042857142857143E7,5.695E7,3.4133333333333336E7,2.7E7,1.62E7,3.725E8,2.222E8,1.921E9,1.1482E9
2024-07-14,2.7E7,1.62E7,DEFAULT,1,1.08E7,0,7,3,3.85E7,2.6E7,2.3E7,1.55E7,5.085714285714286E7,3.052857142857143E7,5.585E7,3.3473333333333332E7,5.6E7,3.35E7,3.74E8,2.23E8,1.964E9,1.174E9
2024-07-15,5.6E7,3.35E7,DEFAULT,1,2.25E7,1,7,3,2.7E7,5.3E7,1.62E7,3.2E7,5.128571428571428E7,3.074285714285714E7,5.6533333333333336E7,3.3873333333333336E7,6.05E7,3.6E7,3.77E8,2.245E8,1.993E9,1.1915E9
2024-07-16,6.05E7,3.6E7,DEFAULT,1,2.45E7,2,7,3,5.6E7,5.75E7,3.35E7,3.45E7,5.171428571428572E7,3.095714285714286E7,5.7716666666666664E7,3.4573333333333336E7,5.8E7,3.45E7,3.8E8,2.265E8,2.0045E9,1.1985E9
2024-07-17,5.8E7,3.45E7,DEFAULT,1,2.35E7,3,7,3,6.05E7,5.5E7,3.6E7,3.3E7,5.214285714285714E7,3.117142857142857E7,5.795E7,3.4706666666666664E7,6.3E7,3.75E7,4.17E8,2.49E8,2.0235E9,1.21E9
2024-07-18,6.3E7,3.75E7,DEFAULT,1,2.55E7,4,7,3,5.8E7,6.0E7,3.45E7,3.6E7,5.2571428571428575E7,3.1385714285714287E7,5.82E7,3.4856666666666664E7,6.8E7,4.05E7,4.59E8,2.745E8,2.0055E9,1.1995E9
2024-07-19,6.8E7,4.05E7,DEFAULT,1,2.75E7,5,7,3,6.3E7,6.5E7,3.75E7,3.9E7,5.3E7,3.16E7,5.87E7,3.5156666666666664E7,4.0E7,2.4E7,4.89E8,2.93E8,1.9695E9,1.178E9
2024-07-20,4.0E7,2.4E7,DEFAULT,1,1.6E7,6,7,3,6.8E7,3.85E7,4.05E7,2.3E7,5.321428571428572E7,3.174285714285714E7,5.81E7,3.4806666666666664E7,2.85E7,1.7E7,5.61E8,3.36E8,1.9975E9,1.1945E9
2024-07-21,2.85E7,1.7E7,DEFAULT,1,1.15E7,0,7,3,4.0E7,2.7E7,2.4E7,1.62E7,5.3428571428571425E7,3.185714285714286E7,5.695E7,3.4123333333333336E7,5.9E7,3.5E7,5.945E8,3.56E8,2.0415E9,1.2205E9
2024-07-22,5.9E7,3.5E7,DEFAULT,1,2.4E7,1,7,3,2.85E7,5.6E7,1.7E7,3.35E7,5.385714285714286E7,3.207142857142857E7,5.7666666666666664E7,3.454E7,6.35E7,3.8E7,6.055E8,3.63E8,2.0525E9,1.227E9
2024-07-23,6.35E7,3.8E7,DEFAULT,1,2.55E7,2,7,3,5.9E7,6.05E7,3.5E7,3.6E7,5.428571428571428E7,3.235714285714286E7,5.89E7,3.5273333333333336E7,9.5E7,5.7E7,6.34E8,3.8E8,2.064E9,1.2335E9
2024-07-24,9.5E7,5.7E7,DEFAULT,1,3.8E7,3,7,3,6.35E7,5.8E7,3.8E7,3.45E7,5.9571428571428575E7,3.5571428571428575E7,6.0266666666666664E7,3.609E7,1.05E8,6.3E7,6.14E8,3.68E8,2.049E9,1.224E9
2024-07-25,1.05E8,6.3E7,DEFAULT,1,4.2E7,4,7,3,9.5E7,6.3E7,5.7E7,3.75E7,6.5571428571428575E7,3.921428571428572E7,6.0933333333333336E7,3.649E7,9.8E7,5.9E7,5.77E8,3.46E8,2.042E9,1.2195E9
2024-07-26,9.8E7,5.9E7,DEFAULT,1,3.9E7,5,7,3,1.05E8,6.8E7,6.3E7,4.05E7,6.985714285714285E7,4.185714285714286E7,6.1033333333333336E7,3.6556666666666664E7,1.12E8,6.7E7,5.52E8,3.305E8,1.999E9,1.1935E9
2024-07-27,1.12E8,6.7E7,DEFAULT,1,4.5E7,6,7,3,9.8E7,4.0E7,5.9E7,2.4E7,8.014285714285715E7,4.8E7,6.17E7,3.6956666666666664E7,6.2E7,3.7E7,4.825E8,2.89E8,1.959E9,1.1695E9
2024-07-28,6.2E7,3.7E7,DEFAULT,1,2.5E7,0,7,3,1.12E8,2.85E7,6.7E7,1.7E7,8.492857142857143E7,5.085714285714286E7,6.0833333333333336E7,3.6423333333333336E7,7.0E7,4.2E7,4.505E8,2.7E8,2.002E9,1.1955E9
2024-07-29,7.0E7,4.2E7,DEFAULT,1,2.8E7,1,7,3,6.2E7,5.9E7,3.7E7,3.5E7,8.65E7,5.185714285714286E7,5.9666666666666664E7,3.5723333333333336E7,9.2E7,5.5E7,4.425E8,2.65E8,2.044E9,1.2205E9
2024-07-30,9.2E7,5.5E7,DEFAULT,1,3.7E7,2,7,3,7.0E7,6.35E7,4.2E7,3.8E7,9.057142857142857E7,5.428571428571428E7,6.08E7,3.639E7,7.5E7,4.5E7,4.17E8,2.495E8,2.06E9,1.2305E9
2024-07-31,7.5E7,4.5E7,DEFAULT,1,3.0E7,3,7,3,9.2E7,9.5E7,5.5E7,5.7E7,8.771428571428572E7,5.2571428571428575E7,6.17E7,3.6923333333333336E7,6.8E7,4.1E7,4.06E8,2.425E8,2.08E9,1.2425E9
2024-08-01,6.8E7,4.1E7,DEFAULT,1,2.7E7,4,8,3,7.5E7,1.05E8,4.5E7,6.3E7,8.242857142857143E7,4.9428571428571425E7,6.2133333333333336E7,3.719E7,7.3E7,4.35E7,4.07E8,2.425E8,2.077E9,1.2405E9
2024-08-02,7.3E7,4.35E7,DEFAULT,1,2.95E7,5,8,3,6.8E7,9.8E7,4.1E7,5.9E7,7.885714285714285E7,4.721428571428572E7,6.2816666666666664E7,3.759E7,4.25E7,2.55E7,4.08E8,2.43E8,2.049E9,1.224E9
2024-08-03,4.25E7,2.55E7,DEFAULT,1,1.7E7,6,8,3,7.3E7,1.12E8,4.35E7,6.7E7,6.892857142857143E7,4.128571428571428E7,6.2333333333333336E7,3.7306666666666664E7,3.0E7,1.8E7,4.09E8,2.435E8,2.0615E9,1.2315E9
2024-08-04,3.0E7,1.8E7,DEFAULT,1,1.2E7,0,8,3,4.25E7,6.2E7,2.55E7,3.7E7,6.435714285714286E7,3.8571428571428575E7,6.1266666666666664E7,3.6673333333333336E7,6.2E7,3.7E7,4.1E8,2.44E8,2.1035E9,1.2565E9
2024-08-05,6.2E7,3.7E7,DEFAULT,1,2.5E7,1,8,3,3.0E7,7.0E7,1.8E7,4.2E7,6.321428571428572E7,3.785714285714286E7,6.21E7,3.7173333333333336E7,6.65E7,3.95E7,4.13E8,2.46E8,2.11E9,1.2605E9
2024-08-06,6.65E7,3.95E7,DEFAULT,1,2.7E7,2,8,3,6.2E7,9.2E7,3.7E7,5.5E7,5.9571428571428575E7,3.564285714285714E7,6.345E7,3.7973333333333336E7,6.4E7,3.8E7,4.165E8,2.485E8,2.1175E9,1.265E9
2024-08-07,6.4E7,3.8E7,DEFAULT,1,2.6E7,3,8,3,6.65E7,7.5E7,3.95E7,4.5E7,5.8E7,3.464285714285714E7,6.3816666666666664E7,3.8173333333333336E7,6.9E7,4.1E7,4.375E8,2.615E8,2.1325E9,1.274E9
2024-08-08,6.9E7,4.1E7,DEFAULT,1,2.8E7,4,8,3,6.4E7,6.8E7,3.8E7,4.1E7,5.814285714285714E7,3.464285714285714E7,6.42E7,3.839E7,7.4E7,4.4E7,4.405E8,2.635E8,2.11E9,1.261E9
2024-08-09,7.4E7,4.4E7,DEFAULT,1,3.0E7,5,8,3,6.9E7,7.3E7,4.1E7,4.35E7,5.828571428571428E7,3.471428571428572E7,6.4833333333333336E7,3.8756666666666664E7,4.35E7,2.6E7,4.435E8,2.655E8,2.069E9,1.237E9
2024-08-10,4.35E7,2.6E7,DEFAULT,1,1.75E7,6,8,3,7.4E7,4.25E7,4.4E7,2.55E7,5.8428571428571425E7,3.478571428571428E7,6.4283333333333336E7,3.8423333333333336E7,3.1E7,1.85E7,4.45E8,2.665E8,2.0955E9,1.253E9
2024-08-11,3.1E7,1.85E7,DEFAULT,1,1.25E7,0,8,3,4.35E7,3.0E7,2.6E7,1.8E7,5.8571428571428575E7,3.485714285714286E7,6.315E7,3.774E7,6.5E7,3.9E7,4.46E8,2.67E8,2.1395E9,1.2795E9
2024-08-12,6.5E7,3.9E7,DEFAULT,1,2.6E7,1,8,3,3.1E7,6.2E7,1.85E7,3.7E7,5.9E7,3.514285714285714E7,6.4033333333333336E7,3.8273333333333336E7,7.0E7,4.2E7,4.49E8,2.685E8,2.147E9,1.284E9
2024-08-13,7.0E7,4.2E7,DEFAULT,1,2.8E7,2,8,3,6.5E7,6.65E7,3.9E7,3.95E7,5.95E7,3.55E7,6.5466666666666664E7,3.9133333333333336E7,8.5E7,5.1E7,4.515E8,2.695E8,2.155E9,1.2885E9
2024-08-14,8.5E7,5.1E7,DEFAULT,1,3.4E7,3,8,3,7.0E7,6.4E7,4.2E7,3.8E7,6.25E7,3.735714285714286E7,6.6433333333333336E7,3.9716666666666664E7,7.2E7,4.3E7,4.365E8,2.6E8,2.153E9,1.287E9
2024-08-15,7.2E7,4.3E7,DEFAULT,1,2.9E7,4,8,3,8.5E7,6.9E7,5.1E7,4.1E7,6.2928571428571425E7,3.764285714285714E7,6.6816666666666664E7,3.995E7,7.7E7,4.6E7,4.395E8,2.615E8,2.176E9,1.301E9
2024-08-16,7.7E7,4.6E7,DEFAULT,1,3.1E7,5,8,3,7.2E7,7.4E7,4.3E7,4.4E7,6.335714285714286E7,3.7928571428571425E7,6.745E7,4.0333333333333336E7,4.5E7,2.7E7,4.425E8,2.63E8,2.1525E9,1.287E9
2024-08-17,4.5E7,2.7E7,DEFAULT,1,1.8E7,6,8,3,7.7E7,4.35E7,4.6E7,2.6E7,6.3571428571428575E7,3.8071428571428575E7,6.685E7,3.9983333333333336E7,3.2E7,1.9E7,4.955E8,2.945E8,2.1755E9,1.3005E9
2024-08-18,3.2E7,1.9E7,DEFAULT,1,1.3E7,0,8,3,4.5E7,3.1E7,2.7E7,1.85E7,6.371428571428572E7,3.814285714285714E7,6.565E7,3.9266666666666664E7,6.8E7,4.05E7,5.185E8,3.085E8,2.2165E9,1.325E9
2024-08-19,6.8E7,4.05E7,DEFAULT,1,2.75E7,1,8,3,3.2E7,6.5E7,1.9E7,3.9E7,6.414285714285714E7,3.835714285714286E7,6.6583333333333336E7,3.9816666666666664E7,7.25E7,4.3E7,5.225E8,3.11E8,2.219E9,1.3265E9
2024-08-20,7.25E7,4.3E7,DEFAULT,1,2.95E7,2,8,3,6.8E7,7.0E7,4.05E7,4.2E7,6.45E7,3.85E7,6.805E7,4.0683333333333336E7,7.0E7,4.15E7,5.55E8,3.31E8,2.2225E9,1.329E9
2024-08-21,7.0E7,4.15E7,DEFAULT,1,2.85E7,3,8,3,7.25E7,8.5E7,4.3E7,5.1E7,6.235714285714286E7,3.714285714285714E7,6.841666666666667E7,4.09E7,7.5E7,4.45E7,5.97E8,3.565E8,2.2335E9,1.336E9
2024-08-22,7.5E7,4.45E7,DEFAULT,1,3.05E7,4,8,3,7.0E7,7.2E7,4.15E7,4.3E7,6.278571428571428E7,3.735714285714286E7,6.88E7,4.1116666666666664E7,8.0E7,4.75E7,6.3E8,3.77E8,2.206E9,1.32E9
2024-08-23,8.0E7,4.75E7,DEFAULT,1,3.25E7,5,8,3,7.5E7,7.7E7,4.45E7,4.6E7,6.321428571428572E7,3.7571428571428575E7,6.83E7,4.08E7,9.8E7,5.85E7,6.45E8,3.865E8,2.16E9,1.293E9
2024-08-24,9.8E7,5.85E7,DEFAULT,1,3.95E7,6,8,3,8.0E7,4.5E7,4.75E7,2.7E7,7.078571428571428E7,4.2071428571428575E7,6.806666666666667E7,4.065E7,5.5E7,3.3E7,6.12E8,3.67E8,2.134E9,1.2775E9
2024-08-25,5.5E7,3.3E7,DEFAULT,1,2.2E7,0,8,3,9.8E7,3.2E7,5.85E7,1.9E7,7.407142857142857E7,4.4071428571428575E7,6.6633333333333336E7,3.9783333333333336E7,7.2E7,4.3E7,6.02E8,3.61E8,2.177E9,1.303E9
2024-08-26,7.2E7,4.3E7,DEFAULT,1,2.9E7,1,8,3,5.5E7,6.8E7,3.3E7,4.05E7,7.464285714285715E7,4.4428571428571425E7,6.53E7,3.8983333333333336E7,1.05E8,6.3E7,5.85E8,3.51E8,2.213E9,1.325E9
2024-08-27,1.05E8,6.3E7,DEFAULT,1,4.2E7,2,8,3,7.2E7,7.25E7,4.3E7,4.3E7,7.928571428571428E7,4.728571428571428E7,6.6733333333333336E7,3.985E7,1.12E8,6.7E7,5.52E8,3.31E8,2.226E9,1.333E9
2024-08-28,1.12E8,6.7E7,DEFAULT,1,4.5E7,3,8,3,1.05E8,7.0E7,6.3E7,4.15E7,8.528571428571428E7,5.0928571428571425E7,6.813333333333333E7,4.0683333333333336E7,1.08E8,6.5E7,5.085E8,3.05E8,2.239E9,1.341E9
2024-08-29,1.08E8,6.5E7,DEFAULT,1,4.3E7,4,8,3,1.12E8,7.5E7,6.7E7,4.45E7,9.0E7,5.385714285714286E7,6.866666666666667E7,4.1016666666666664E7,9.5E7,5.7E7,4.745E8,2.84E8,2.261E9,1.354E9
2024-08-30,9.5E7,5.7E7,DEFAULT,1,3.8E7,5,8,3,1.08E8,8.0E7,6.5E7,4.75E7,9.214285714285715E7,5.521428571428572E7,6.933333333333333E7,4.1416666666666664E7,6.5E7,3.9E7,4.585E8,2.74E8,2.238E9,1.34E9
2024-08-31,6.5E7,3.9E7,DEFAULT,1,2.6E7,6,8,3,9.5E7,9.8E7,5.7E7,5.85E7,8.742857142857143E7,5.2428571428571425E7,6.923333333333333E7,4.135E7,4.5E7,2.7E7,4.4E8,2.63E8,2.231E9,1.336E9
2024-09-01,4.5E7,2.7E7,DEFAULT,1,1.8E7,0,9,3,6.5E7,5.5E7,3.9E7,3.3E7,8.6E7,5.1571428571428575E7,6.83E7,4.08E7,5.5E7,3.3E7,4.28E8,2.56E8,2.264E9,1.356E9
2024-09-02,5.5E7,3.3E7,DEFAULT,1,2.2E7,1,9,3,4.5E7,7.2E7,2.7E7,4.3E7,8.357142857142857E7,5.014285714285714E7,6.871666666666667E7,4.105E7,7.2E7,4.3E7,4.43E8,2.65E8,2.294E9,1.374E9
2024-09-03,7.2E7,4.3E7,DEFAULT,1,2.9E7,2,9,3,5.5E7,1.05E8,3.3E7,6.3E7,7.885714285714285E7,4.728571428571428E7,7.011666666666667E7,4.1883333333333336E7,6.85E7,4.1E7,4.46E8,2.67E8,2.304E9,1.38E9
2024-09-04,6.85E7,4.1E7,DEFAULT,1,2.75E7,3,9,3,7.2E7,1.12E8,4.3E7,6.7E7,7.264285714285715E7,4.3571428571428575E7,7.033333333333333E7,4.2016666666666664E7,7.4E7,4.4E7,4.5E8,2.695E8,2.3235E9,1.392E9
2024-09-05,7.4E7,4.4E7,DEFAULT,1,3.0E7,4,9,3,6.85E7,1.08E8,4.1E7,6.5E7,6.778571428571428E7,4.0571428571428575E7,7.058333333333333E7,4.2166666666666664E7,7.9E7,4.7E7,4.54E8,2.72E8,2.3015E9,1.379E9
2024-09-06,7.9E7,4.7E7,DEFAULT,1,3.2E7,5,9,3,7.4E7,9.5E7,4.4E7,5.7E7,6.55E7,3.914285714285714E7,7.108333333333333E7,4.2466666666666664E7,4.65E7,2.8E7,4.58E8,2.745E8,2.2595E9,1.354E9
2024-09-07,4.65E7,2.8E7,DEFAULT,1,1.85E7,6,9,3,7.9E7,6.5E7,4.7E7,3.9E7,6.285714285714286E7,3.7571428571428575E7,7.033333333333333E7,4.2033333333333336E7,3.3E7,2.0E7,5.065E8,3.035E8,2.288E9,1.371E9
2024-09-08,3.3E7,2.0E7,DEFAULT,1,1.3E7,0,9,3,4.65E7,4.5E7,2.8E7,2.7E7,6.114285714285714E7,3.6571428571428575E7,6.896666666666667E7,4.1233333333333336E7,7.0E7,4.2E7,5.27E8,3.155E8,2.335E9,1.399E9
2024-09-09,7.0E7,4.2E7,DEFAULT,1,2.8E7,1,9,3,3.3E7,5.5E7,2.0E7,3.3E7,6.328571428571428E7,3.785714285714286E7,6.985E7,4.1766666666666664E7,7.5E7,4.5E7,5.25E8,3.14E8,2.3425E9,1.4035E9
2024-09-10,7.5E7,4.5E7,DEFAULT,1,3.0E7,2,9,3,7.0E7,7.2E7,4.2E7,4.3E7,6.371428571428572E7,3.814285714285714E7,7.131666666666667E7,4.265E7,7.25E7,4.35E7,5.23E8,3.125E8,2.3505E9,1.408E9
2024-09-11,7.25E7,4.35E7,DEFAULT,1,2.9E7,3,9,3,7.5E7,6.85E7,4.5E7,4.1E7,6.428571428571428E7,3.85E7,7.156666666666667E7,4.28E7,7.8E7,4.65E7,5.21E8,3.11E8,2.3665E9,1.4175E9
2024-09-12,7.8E7,4.65E7,DEFAULT,1,3.15E7,4,9,3,7.25E7,7.4E7,4.35E7,4.4E7,6.485714285714286E7,3.885714285714286E7,7.183333333333333E7,4.295E7,8.3E7,4.95E7,5.19E8,3.1E8,2.3405E9,1.402E9
2024-09-13,8.3E7,4.95E7,DEFAULT,1,3.35E7,5,9,3,7.8E7,7.9E7,4.65E7,4.7E7,6.5428571428571425E7,3.921428571428572E7,7.176666666666667E7,4.29E7,9.5E7,5.7E7,5.17E8,3.09E8,2.2945E9,1.3745E9
2024-09-14,9.5E7,5.7E7,DEFAULT,1,3.8E7,6,9,3,8.3E7,4.65E7,4.95E7,2.8E7,7.235714285714285E7,4.335714285714286E7,7.253333333333333E7,4.3366666666666664E7,5.35E7,3.2E7,4.695E8,2.805E8,2.2775E9,1.3645E9
2024-09-15,5.35E7,3.2E7,DEFAULT,1,2.15E7,0,9,3,9.5E7,3.3E7,5.7E7,2.0E7,7.528571428571428E7,4.5071428571428575E7,7.175E7,4.29E7,6.8E7,4.05E7,4.5E8,2.69E8,2.3075E9,1.3825E9
2024-09-16,6.8E7,4.05E7,DEFAULT,1,2.75E7,1,9,3,5.35E7,7.0E7,3.2E7,4.2E7,7.5E7,4.485714285714286E7,7.251666666666667E7,4.335E7,7.3E7,4.35E7,4.54E8,2.715E8,2.3205E9,1.3905E9
2024-09-17,7.3E7,4.35E7,DEFAULT,1,2.95E7,2,9,3,6.8E7,7.5E7,4.05E7,4.5E7,7.471428571428572E7,4.464285714285714E7,7.388333333333333E7,4.4166666666666664E7,7.05E7,4.2E7,4.79E8,2.865E8,2.334E9,1.399E9
2024-09-18,7.05E7,4.2E7,DEFAULT,1,2.85E7,3,9,3,7.3E7,7.25E7,4.35E7,4.35E7,7.442857142857143E7,4.4428571428571425E7,7.396666666666667E7,4.4216666666666664E7,7.6E7,4.55E7,5.165E8,3.095E8,2.3555E9,1.412E9
2024-09-19,7.6E7,4.55E7,DEFAULT,1,3.05E7,4,9,3,7.05E7,7.8E7,4.2E7,4.65E7,7.414285714285715E7,4.428571428571428E7,7.408333333333333E7,4.43E7,8.1E7,4.85E7,5.585E8,3.35E8,2.3335E9,1.399E9
2024-09-20,8.1E7,4.85E7,DEFAULT,1,3.25E7,5,9,3,7.6E7,8.3E7,4.55E7,4.95E7,7.385714285714285E7,4.414285714285714E7,7.445E7,4.4533333333333336E7,4.75E7,2.85E7,6.025E8,3.615E8,2.291E9,1.3735E9
2024-09-21,4.75E7,2.85E7,DEFAULT,1,1.9E7,6,9,3,8.1E7,9.5E7,4.85E7,5.7E7,6.7071428571428575E7,4.0071428571428575E7,7.353333333333333E7,4.4E7,3.4E7,2.05E7,6.85E8,4.11E8,2.3245E9,1.3935E9
2024-09-22,3.4E7,2.05E7,DEFAULT,1,1.35E7,0,9,3,4.75E7,5.35E7,2.85E7,3.2E7,6.428571428571428E7,3.8428571428571425E7,7.2E7,4.31E7,7.2E7,4.3E7,7.23E8,4.335E8,2.3765E9,1.4245E9
2024-09-23,7.2E7,4.3E7,DEFAULT,1,2.9E7,1,9,3,3.4E7,6.8E7,2.05E7,4.05E7,6.485714285714286E7,3.878571428571428E7,7.113333333333333E7,4.2583333333333336E7,9.8E7,5.85E7,7.09E8,4.255E8,2.388E9,1.4315E9
2024-09-24,9.8E7,5.85E7,DEFAULT,1,3.95E7,2,9,3,7.2E7,7.3E7,4.3E7,4.35E7,6.842857142857143E7,4.0928571428571425E7,7.256666666666667E7,4.3433333333333336E7,1.08E8,6.5E7,6.89E8,4.14E8,2.408E9,1.444E9
2024-09-25,1.08E8,6.5E7,DEFAULT,1,4.3E7,3,9,3,9.8E7,7.05E7,5.85E7,4.2E7,7.378571428571428E7,4.421428571428572E7,7.376666666666667E7,4.4166666666666664E7,1.18E8,7.1E7,6.66E8,4.0E8,2.428E9,1.456E9
2024-09-26,1.18E8,7.1E7,DEFAULT,1,4.7E7,4,9,3,1.08E8,7.6E7,6.5E7,4.55E7,7.978571428571428E7,4.785714285714286E7,7.42E7,4.4433333333333336E7,1.25E8,7.5E7,6.3E8,3.78E8,2.445E9,1.466E9
2024-09-27,1.25E8,7.5E7,DEFAULT,1,5.0E7,5,9,3,1.18E8,8.1E7,7.1E7,4.85E7,8.607142857142857E7,5.164285714285714E7,7.463333333333333E7,4.47E7,1.3E8,7.8E7,5.93E8,3.56E8,2.395E9,1.436E9
2024-09-28,1.3E8,7.8E7,DEFAULT,1,5.2E7,6,9,3,1.25E8,4.75E7,7.5E7,2.85E7,9.785714285714285E7,5.871428571428572E7,7.536666666666667E7,4.5133333333333336E7,7.2E7,4.3E7,5.15E8,3.09E8,2.353E9,1.411E9
2024-09-29,7.2E7,4.3E7,DEFAULT,1,2.9E7,0,9,3,1.3E8,3.4E7,7.8E7,2.05E7,1.0328571428571428E8,6.1928571428571425E7,7.46E7,4.4666666666666664E7,5.8E7,3.5E7,4.8E8,2.88E8,2.396E9,1.437E9
2024-09-30,5.8E7,3.5E7,DEFAULT,1,2.3E7,1,9,3,7.2E7,7.2E7,4.3E7,4.3E7,1.0128571428571428E8,6.078571428571428E7,7.436666666666667E7,4.4533333333333336E7,7.8E7,4.7E7,4.97E8,2.98E8,2.446E9,1.467E9
2024-10-01,7.8E7,4.7E7,DEFAULT,1,3.1E7,2,10,4,5.8E7,9.8E7,3.5E7,5.85E7,9.842857142857143E7,5.914285714285714E7,7.546666666666667E7,4.52E7,8.5E7,5.1E7,4.99E8,2.99E8,2.463E9,1.477E9
2024-10-02,8.5E7,5.1E7,DEFAULT,1,3.4E7,3,10,4,7.8E7,1.08E8,4.7E7,6.5E7,9.514285714285715E7,5.714285714285714E7,7.646666666666667E7,4.58E7,8.2E7,4.9E7,4.915E8,2.945E8,2.466E9,1.479E9
2024-10-03,8.2E7,4.9E7,DEFAULT,1,3.3E7,4,10,4,8.5E7,1.18E8,5.1E7,7.1E7,9.0E7,5.4E7,7.68E7,4.6E7,8.8E7,5.3E7,4.925E8,2.95E8,2.436E9,1.461E9
2024-10-04,8.8E7,5.3E7,DEFAULT,1,3.5E7,5,10,4,8.2E7,1.25E8,4.9E7,7.5E7,8.471428571428572E7,5.085714285714286E7,7.745E7,4.64E7,5.2E7,3.1E7,4.93E8,2.95E8,2.385E9,1.43E9
2024-10-05,5.2E7,3.1E7,DEFAULT,1,2.1E7,6,10,4,8.8E7,1.3E8,5.3E7,7.8E7,7.357142857142857E7,4.414285714285714E7,7.671666666666667E7,4.5966666666666664E7,3.7E7,2.2E7,4.93E8,2.95E8,2.415E9,1.448E9
2024-10-06,3.7E7,2.2E7,DEFAULT,1,1.5E7,0,10,4,5.2E7,7.2E7,3.1E7,4.3E7,6.857142857142857E7,4.114285714285714E7,7.531666666666667E7,4.5133333333333336E7,7.5E7,4.5E7,4.93E8,2.95E8,2.4655E9,1.4785E9
2024-10-07,7.5E7,4.5E7,DEFAULT,1,3.0E7,1,10,4,3.7E7,5.8E7,2.2E7,3.5E7,7.1E7,4.2571428571428575E7,7.626666666666667E7,4.57E7,8.0E7,4.8E7,4.96E8,2.97E8,2.4755E9,1.4845E9
2024-10-08,8.0E7,4.8E7,DEFAULT,1,3.2E7,2,10,4,7.5E7,7.8E7,4.5E7,4.7E7,7.128571428571428E7,4.271428571428572E7,7.783333333333333E7,4.6633333333333336E7,7.75E7,4.65E7,4.995E8,2.99E8,2.486E9,1.4905E9
2024-10-09,7.75E7,4.65E7,DEFAULT,1,3.1E7,3,10,4,8.0E7,8.5E7,4.8E7,5.1E7,7.021428571428572E7,4.2071428571428575E7,7.808333333333333E7,4.6783333333333336E7,8.3E7,4.95E7,5.03E8,3.01E8,2.5045E9,1.5015E9
2024-10-10,8.3E7,4.95E7,DEFAULT,1,3.35E7,4,10,4,7.75E7,8.2E7,4.65E7,4.9E7,7.035714285714285E7,4.214285714285714E7,7.835E7,4.6933333333333336E7,8.85E7,5.3E7,5.065E8,3.035E8,2.478E9,1.486E9
2024-10-11,8.85E7,5.3E7,DEFAULT,1,3.55E7,5,10,4,8.3E7,8.8E7,4.95E7,5.3E7,7.042857142857143E7,4.214285714285714E7,7.888333333333333E7,4.725E7,5.2E7,3.1E7,5.1E8,3.055E8,2.4295E9,1.457E9
2024-10-12,5.2E7,3.1E7,DEFAULT,1,2.1E7,6,10,4,8.85E7,5.2E7,5.3E7,3.1E7,7.042857142857143E7,4.214285714285714E7,7.801666666666667E7,4.6733333333333336E7,3.7E7,2.2E7,5.12E8,3.07E8,2.4625E9,1.477E9
2024-10-13,3.7E7,2.2E7,DEFAULT,1,1.5E7,0,10,4,5.2E7,3.7E7,3.1E7,2.2E7,7.042857142857143E7,4.214285714285714E7,7.648333333333333E7,4.5816666666666664E7,7.8E7,4.7E7,5.135E8,3.08E8,2.5155E9,1.509E9
2024-10-14,7.8E7,4.7E7,DEFAULT,1,3.1E7,1,10,4,3.7E7,7.5E7,2.2E7,4.5E7,7.085714285714285E7,4.2428571428571425E7,7.591666666666667E7,4.5483333333333336E7,8.35E7,5.0E7,5.165E8,3.095E8,2.525E9,1.5145E9
2024-10-15,8.35E7,5.0E7,DEFAULT,1,3.35E7,2,10,4,7.8E7,8.0E7,4.7E7,4.8E7,7.135714285714285E7,4.271428571428572E7,7.691666666666667E7,4.6083333333333336E7,8.1E7,4.85E7,5.19E8,3.11E8,2.5345E9,1.52E9
2024-10-16,8.1E7,4.85E7,DEFAULT,1,3.25E7,3,10,4,8.35E7,7.75E7,5.0E7,4.65E7,7.185714285714285E7,4.3E7,7.735E7,4.635E7,8.65E7,5.2E7,5.215E8,3.125E8,2.552E9,1.5305E9
2024-10-17,8.65E7,5.2E7,DEFAULT,1,3.45E7,4,10,4,8.1E7,8.3E7,4.85E7,4.95E7,7.235714285714285E7,4.335714285714286E7,7.78E7,4.6633333333333336E7,9.2E7,5.5E7,5.53E8,3.315E8,2.5235E9,1.5135E9
2024-10-18,9.2E7,5.5E7,DEFAULT,1,3.7E7,5,10,4,8.65E7,8.85E7,5.2E7,5.3E7,7.285714285714285E7,4.364285714285714E7,7.851666666666667E7,4.7066666666666664E7,5.4E7,3.25E7,5.89E8,3.535E8,2.4725E9,1.483E9
2024-10-19,5.4E7,3.25E7,DEFAULT,1,2.15E7,6,10,4,9.2E7,5.2E7,5.5E7,3.1E7,7.314285714285715E7,4.385714285714286E7,7.778333333333333E7,4.6633333333333336E7,3.85E7,2.3E7,6.7E8,4.02E8,2.5065E9,1.5035E9
2024-10-20,3.85E7,2.3E7,DEFAULT,1,1.55E7,0,10,4,5.4E7,3.7E7,3.25E7,2.2E7,7.335714285714285E7,4.4E7,7.636666666666667E7,4.5783333333333336E7,8.1E7,4.85E7,7.065E8,4.24E8,2.5615E9,1.5365E9
2024-10-21,8.1E7,4.85E7,DEFAULT,1,3.25E7,1,10,4,3.85E7,7.8E7,2.3E7,4.7E7,7.378571428571428E7,4.421428571428572E7,7.748333333333333E7,4.645E7,8.6E7,5.15E7,7.135E8,4.285E8,2.5715E9,1.5425E9
2024-10-22,8.6E7,5.15E7,DEFAULT,1,3.45E7,2,10,4,8.1E7,8.35E7,4.85E7,5.0E7,7.414285714285715E7,4.4428571428571425E7,7.921666666666667E7,4.7483333333333336E7,8.35E7,5.0E7,7.425E8,4.46E8,2.582E9,1.549E9
2024-10-23,8.35E7,5.0E7,DEFAULT,1,3.35E7,3,10,4,8.6E7,8.1E7,5.15E7,4.85E7,7.45E7,4.464285714285714E7,7.96E7,4.7716666666666664E7,1.18E8,7.1E7,7.67E8,4.61E8,2.6005E9,1.56E9
2024-10-24,1.18E8,7.1E7,DEFAULT,1,4.7E7,4,10,4,8.35E7,8.65E7,5.0E7,5.2E7,7.9E7,4.735714285714286E7,8.026666666666667E7,4.8133333333333336E7,1.28E8,7.7E7,7.44E8,4.47E8,2.5425E9,1.525E9
2024-10-25,1.28E8,7.7E7,DEFAULT,1,5.1E7,5,10,4,1.18E8,9.2E7,7.1E7,5.5E7,8.414285714285715E7,5.05E7,8.093333333333333E7,4.8533333333333336E7,1.35E8,8.1E7,7.04E8,4.23E8,2.457E9,1.4735E9
2024-10-26,1.35E8,8.1E7,DEFAULT,1,5.4E7,6,10,4,1.28E8,5.4E7,7.7E7,3.25E7,9.571428571428572E7,5.7428571428571425E7,8.15E7,4.8866666666666664E7,7.5E7,4.5E7,6.21E8,3.73E8,2.432E9,1.4585E9
2024-10-27,7.5E7,4.5E7,DEFAULT,1,3.0E7,0,10,4,1.35E8,3.85E7,8.1E7,2.3E7,1.0092857142857143E8,6.0571428571428575E7,7.983333333333333E7,4.7866666666666664E7,8.8E7,5.3E7,5.83E8,3.5E8,2.482E9,1.4885E9
2024-10-28,8.8E7,5.3E7,DEFAULT,1,3.5E7,1,10,4,7.5E7,8.1E7,4.5E7,4.85E7,1.0192857142857143E8,6.121428571428572E7,7.843333333333333E7,4.7033333333333336E7,1.15E8,6.9E7,5.77E8,3.46E8,2.526E9,1.5145E9
2024-10-29,1.15E8,6.9E7,DEFAULT,1,4.6E7,2,10,4,8.8E7,8.6E7,5.3E7,5.15E7,1.0607142857142857E8,6.371428571428572E7,7.986666666666667E7,4.79E7,1.08E8,6.5E7,5.495E8,3.295E8,2.551E9,1.5295E9
2024-10-30,1.08E8,6.5E7,DEFAULT,1,4.3E7,3,10,4,1.15E8,8.35E7,6.9E7,5.0E7,1.0957142857142857E8,6.585714285714286E7,8.153333333333333E7,4.89E7,9.5E7,5.7E7,5.265E8,3.155E8,2.591E9,1.5535E9
2024-10-31,9.5E7,5.7E7,DEFAULT,1,3.8E7,4,10,4,1.08E8,1.18E8,6.5E7,7.1E7,1.0628571428571428E8,6.385714285714286E7,8.21E7,4.9233333333333336E7,8.8E7,5.3E7,5.22E8,3.125E8,2.581E9,1.5475E9
2024-11-01,8.8E7,5.3E7,DEFAULT,1,3.5E7,5,11,4,9.5E7,1.28E8,5.7E7,7.7E7,1.0057142857142857E8,6.0428571428571425E7,8.22E7,4.93E7,5.2E7,3.1E7,5.3E8,3.17E8,2.493189E9,1.495004E9
2024-11-02,5.2E7,3.1E7,DEFAULT,1,2.1E7,6,11,4,8.8E7,1.35E8,5.3E7,8.1E7,8.871428571428572E7,5.328571428571428E7,8.12E7,4.87E7,3.7E7,2.2E7,5.345E8,3.2E8,2.441189E9,1.464004E9
2024-11-03,3.7E7,2.2E7,DEFAULT,1,1.5E7,0,11,4,5.2E7,7.5E7,3.1E7,4.5E7,8.328571428571428E7,5.0E7,7.95E7,4.7666666666666664E7,8.2E7,4.9E7,5.375E8,3.22E8,2.404189E9,1.442004E9
2024-11-04,8.2E7,4.9E7,DEFAULT,1,3.3E7,1,11,4,3.7E7,8.8E7,2.2E7,5.3E7,8.242857142857143E7,4.9428571428571425E7,8.05E7,4.8266666666666664E7,8.75E7,5.25E7,5.405E8,3.24E8,2.322189E9,1.393004E9
2024-11-05,8.75E7,5.25E7,DEFAULT,1,3.5E7,2,11,4,8.2E7,1.15E8,4.9E7,6.9E7,7.85E7,4.7071428571428575E7,8.218333333333333E7,4.9283333333333336E7,8.5E7,5.1E7,5.43E8,3.255E8,2.234689E9,1.340504E9
2024-11-06,8.5E7,5.1E7,DEFAULT,1,3.4E7,3,11,4,8.75E7,1.08E8,5.25E7,6.5E7,7.521428571428572E7,4.5071428571428575E7,8.251666666666667E7,4.9483333333333336E7,9.05E7,5.4E7,5.455E8,3.27E8,2.149689E9,1.289504E9
2024-11-07,9.05E7,5.4E7,DEFAULT,1,3.65E7,4,11,4,8.5E7,9.5E7,5.1E7,5.7E7,7.457142857142857E7,4.464285714285714E7,8.286666666666667E7,4.9683333333333336E7,9.6E7,5.75E7,5.48E8,3.285E8,2.059189E9,1.235504E9
2024-11-08,9.6E7,5.75E7,DEFAULT,1,3.85E7,5,11,4,9.05E7,8.8E7,5.4E7,5.3E7,7.571428571428572E7,4.528571428571428E7,8.348333333333333E7,5.005E7,5.65E7,3.4E7,5.505E8,3.3E8,1.963189E9,1.178004E9
2024-11-09,5.65E7,3.4E7,DEFAULT,1,2.25E7,6,11,4,9.6E7,5.2E7,5.75E7,3.1E7,7.635714285714285E7,4.571428571428572E7,8.26E7,4.9533333333333336E7,4.0E7,2.4E7,5.52E8,3.31E8,1.906689E9,1.144004E9
2024-11-10,4.0E7,2.4E7,DEFAULT,1,1.6E7,0,11,4,5.65E7,3.7E7,3.4E7,2.2E7,7.678571428571428E7,4.6E7,8.098333333333333E7,4.8566666666666664E7,8.5E7,5.1E7,5.53E8,3.315E8,1.866689E9,1.120004E9
2024-11-11,8.5E7,5.1E7,DEFAULT,1,3.4E7,1,11,4,4.0E7,8.2E7,2.4E7,4.9E7,7.721428571428572E7,4.628571428571428E7,8.208333333333333E7,4.9233333333333336E7,9.0E7,5.4E7,5.56E8,3.335E8,1.781689E9,1.069004E9
2024-11-12,9.0E7,5.4E7,DEFAULT,1,3.6E7,2,11,4,8.5E7,8.75E7,5.1E7,5.25E7,7.757142857142857E7,4.65E7,8.385E7,5.03E7,8.75E7,5.25E7,5.595E8,3.355E8,1.691689E9,1.015004E9
2024-11-13,8.75E7,5.25E7,DEFAULT,1,3.5E7,3,11,4,9.0E7,8.5E7,5.4E7,5.1E7,7.792857142857143E7,4.671428571428572E7,8.416666666666667E7,5.0483333333333336E7,9.3E7,5.55E7,5.63E8,3.375E8,1.604189E9,9.62504E8
2024-11-14,9.3E7,5.55E7,DEFAULT,1,3.75E7,4,11,4,8.75E7,9.05E7,5.25E7,5.4E7,7.828571428571428E7,4.6928571428571425E7,8.448333333333333E7,5.0666666666666664E7,9.85E7,5.9E7,5.665E8,3.4E8,1.511189E9,9.07004E8
2024-11-15,9.85E7,5.9E7,DEFAULT,1,3.95E7,5,11,4,9.3E7,9.6E7,5.55E7,5.75E7,7.864285714285715E7,4.714285714285714E7,8.506666666666667E7,5.1016666666666664E7,5.8E7,3.5E7,5.7E8,3.42E8,1.412689E9,8.48004E8
2024-11-16,5.8E7,3.5E7,DEFAULT,1,2.3E7,6,11,4,9.85E7,5.65E7,5.9E7,3.4E7,7.885714285714285E7,4.728571428571428E7,8.411666666666667E7,5.045E7,4.1E7,2.45E7,5.72E8,3.43E8,1.354689E9,8.13004E8
2024-11-17,4.1E7,2.45E7,DEFAULT,1,1.65E7,0,11,4,5.8E7,4.0E7,3.5E7,2.4E7,7.9E7,4.735714285714286E7,8.241666666666667E7,4.9433333333333336E7,8.8E7,5.3E7,5.735E8,3.44E8,1.313689E9,7.88504E8
2024-11-18,8.8E7,5.3E7,DEFAULT,1,3.5E7,1,11,4,4.1E7,8.5E7,2.45E7,5.1E7,7.942857142857143E7,4.764285714285714E7,8.355E7,5.0116666666666664E7,9.35E7,5.6E7,5.955E8,3.57E8,1.225689E9,7.35504E8
2024-11-19,9.35E7,5.6E7,DEFAULT,1,3.75E7,2,11,4,8.8E7,9.0E7,5.3E7,5.4E7,7.992857142857143E7,4.7928571428571425E7,8.538333333333333E7,5.1216666666666664E7,9.1E7,5.45E7,6.27E8,3.76E8,1.132189E9,6.79504E8
2024-11-20,9.1E7,5.45E7,DEFAULT,1,3.65E7,3,11,4,9.35E7,8.75E7,5.6E7,5.25E7,8.042857142857143E7,4.821428571428572E7,8.571666666666667E7,5.1416666666666664E7,9.65E7,5.8E7,6.68E8,4.005E8,1.041189E9,6.25004E8
2024-11-21,9.65E7,5.8E7,DEFAULT,1,3.85E7,4,11,4,9.1E7,9.3E7,5.45E7,5.55E7,8.092857142857143E7,4.8571428571428575E7,8.606666666666667E7,5.1633333333333336E7,1.02E8,6.1E7,7.115E8,4.265E8,9.44689E8,5.67004E8
2024-11-22,1.02E8,6.1E7,DEFAULT,1,4.1E7,5,11,4,9.65E7,9.85E7,5.8E7,5.9E7,8.142857142857143E7,4.885714285714286E7,8.668333333333333E7,5.2E7,6.0E7,3.6E7,7.575E8,4.545E8,8.42689E8,5.06004E8
2024-11-23,6.0E7,3.6E7,DEFAULT,1,2.4E7,6,11,4,1.02E8,5.8E7,6.1E7,3.5E7,8.171428571428572E7,4.9E7,8.475E7,5.0833333333333336E7,4.25E7,2.55E7,7.825E8,4.695E8,7.82689E8,4.70004E8
2024-11-24,4.25E7,2.55E7,DEFAULT,1,1.7E7,0,11,4,6.0E7,4.1E7,3.6E7,2.45E7,8.192857142857143E7,4.914285714285714E7,8.19E7,4.9116666666666664E7,1.1E8,6.6E7,7.40189E8,4.44504E8,7.40189E8,4.44504E8
2024-11-25,1.1E8,6.6E7,DEFAULT,1,4.4E7,1,11,4,4.25E7,8.8E7,2.55E7,5.3E7,8.507142857142857E7,5.1E7,8.106666666666667E7,4.8616666666666664E7,1.25E8,7.5E7,6.30189E8,3.78504E8,6.30189E8,3.78504E8
2024-11-26,1.25E8,7.5E7,DEFAULT,1,5.0E7,2,11,4,1.1E8,9.35E7,6.6E7,5.6E7,8.957142857142857E7,5.371428571428572E7,8.273333333333333E7,4.9616666666666664E7,1.32E8,7.9E7,5.05189E8,3.03504E8,5.05189E8,3.03504E8
2024-11-27,1.32E8,7.9E7,DEFAULT,1,5.3E7,3,11,4,1.25E8,9.1E7,7.5E7,5.45E7,9.542857142857143E7,5.721428571428572E7,8.42E7,5.0483333333333336E7,1.4E8,8.4E7,3.73189E8,2.24504E8,3.73189E8,2.24504E8
2024-11-28,1.4E8,8.4E7,DEFAULT,1,5.6E7,4,11,4,1.32E8,9.65E7,7.9E7,5.8E7,1.0164285714285715E8,6.0928571428571425E7,8.503333333333333E7,5.0983333333333336E7,1.48E8,8.9E7,2.33189E8,1.40504E8,2.33189E8,1.40504E8
2024-11-29,1.48E8,8.9E7,DEFAULT,1,5.9E7,5,11,4,1.4E8,1.02E8,8.4E7,6.1E7,1.0821428571428572E8,6.4928571428571425E7,8.636666666666667E7,5.1783333333333336E7,8.5E7,5.1E7,8.5189E7,5.1504E7,8.5189E7,5.1504E7
2024-11-30,8.5E7,5.1E7,DEFAULT,1,3.4E7,6,11,4,1.48E8,6.0E7,8.9E7,3.6E7,1.1178571428571428E8,6.7071428571428575E7,8.603333333333333E7,5.1583333333333336E7,189000.0,504000.0,189000.0,504000.0,189000.0,504000.0
2025-12-09,189000.0,504000.0,DEFAULT,7,-315000.0,2,12,4,8.5E7,4.25E7,5.1E7,2.55E7,1.0574128571428572E8,6.3500571428571425E7,8.31063E7,4.9833466666666664E7,,,,,,
